code_type,eta,distance,physical_error_rate,logical_error_rate,standard_deviation,logical_errors,shots,seed
css,0.5,3,0.001,0.00178,5.962087705988438e-05,890,500000,2017208451
css,0.5,3,0.002,0.00671,0.00018256723745295814,1342,200000,1393654592
css,0.5,3,0.003,0.01443,0.00037714706175131715,1443,100000,1242188289
css,0.5,3,0.004,0.02459,0.0004897688449723818,2459,100000,88857798
css,0.5,3,0.005,0.03675,0.000594989323197237,3675,100000,475065735
css,0.5,3,0.006,0.05075,0.0006940891439556063,5075,100000,930987588
css,0.5,3,0.007,0.06596,0.0007849238573448686,6596,100000,778473221
css,0.5,3,0.008,0.08233,0.000869210906726578,8233,100000,2852033482
css,0.5,3,0.009000000000000001,0.10197,0.0009569367149142582,10197,100000,3591298968
css,0.5,3,0.010000000000000002,0.11718,0.0010171001848593014,11718,100000,1942470247
css,0.5,3,0.011,0.13658,0.0010859375905976631,13658,100000,2046706356
css,0.5,3,0.012,0.15054,0.0011308300085963174,15054,100000,1389564279
css,0.5,3,0.013000000000000001,0.17307,0.0011963127214797697,17307,100000,191936032
css,0.5,3,0.014000000000000002,0.19033,0.0012413859553193352,19033,100000,13605288
css,0.5,3,0.015,0.20725,0.0012817825539089556,20725,100000,496142256
css,0.5,3,0.016,0.22405,0.0013185242526028984,22405,100000,918541427
css,0.5,3,0.017,0.23786,0.0013464081652752036,23786,100000,799335730
css,0.5,3,0.018000000000000002,0.2537,0.001375990636888924,25370,100000,2513957369
css,0.5,3,0.019000000000000003,0.27067,0.0014050135335796354,27067,100000,191499259
css,0.5,3,0.02,0.28669,0.001430025363182319,28669,100000,366062483
css,0.5,5,0.001,0.00036,2.6846562480985312e-05,180,500000,2515950329
css,0.5,5,0.002,0.0026225,8.087388967648306e-05,1049,400000,3202025786
css,0.5,5,0.003,0.00816,0.0002011788191381373,1632,200000,2814392443
css,0.5,5,0.004,0.01807,0.00042125550662064706,1807,100000,3900812988
css,0.5,5,0.005,0.03219,0.0005581727401375719,3219,100000,4053442557
css,0.5,5,0.006,0.04956,0.0006863334778954289,4956,100000,3669478462
css,0.5,5,0.007,0.07237,0.0008193518195407784,7237,100000,3282894207
css,0.5,5,0.008,0.09869,0.0009431384037934532,9869,100000,1144316336
css,0.5,5,0.009000000000000001,0.12732,0.001054086786706765,12732,100000,1306451798
css,0.5,5,0.010000000000000002,0.1539,0.001141116495776251,15390,100000,3893870249
css,0.5,5,0.011,0.18643,0.001231557232199948,18643,100000,2486448334
css,0.5,5,0.012,0.21871,0.0013071917165532465,21871,100000,3206112013
css,0.5,5,0.013000000000000001,0.24315,0.001356565136451826,24315,100000,2426451694
css,0.5,5,0.014000000000000002,0.27407,0.0014105110988467673,27407,100000,2602539366
css,0.5,5,0.015,0.29859,0.0014471776782157275,29859,100000,4032361930
css,0.5,5,0.016,0.32826,0.0014849358986457895,32826,100000,3681920521
css,0.5,5,0.017,0.3478,0.0015060980157839965,34780,100000,3262027592
css,0.5,5,0.018000000000000002,0.36879,0.0015257187822174667,36879,100000,235401527
css,0.5,5,0.019000000000000003,0.38827,0.0015411494307597806,38827,100000,2428111669
css,0.5,5,0.02,0.40523,0.0015524700536543867,40523,100000,1730212115
css,0.5,7,0.001,4.4e-05,9.433757046720887e-06,22,500000,2019592464
css,0.5,7,0.002,0.00082,4.04925751391397e-05,410,500000,1397611219
css,0.5,7,0.003,0.003946666666666667,0.00011448286057350564,1184,300000,1247210386
css,0.5,7,0.004,0.01159,0.00033849583069809654,1159,100000,85425493
css,0.5,7,0.005,0.02519,0.0004955549691819175,2519,100000,470567956
css,0.5,7,0.006,0.04513,0.0006564672207906991,4513,100000,924917719
css,0.5,7,0.007,0.07384,0.0008269751303239398,7384,100000,775564950
css,0.5,7,0.008,0.10903,0.0009856115676571686,10903,100000,2845979225
css,0.5,7,0.009000000000000001,0.14936,0.0011271714570388336,14936,100000,2378048211
css,0.5,7,0.010000000000000002,0.19564,0.0012544494533356099,19564,100000,678904620
css,0.5,7,0.011,0.23481,0.0013404222111656483,23481,100000,2040718119
css,0.5,7,0.012,0.27839,0.0014173478406168116,27839,100000,1385148644
css,0.5,7,0.013000000000000001,0.3196,0.001474632126662212,31960,100000,1354779499
css,0.5,7,0.014000000000000002,0.35395,0.001512175003531846,35395,100000,1535075555
css,0.5,7,0.015,0.38691,0.001540157159864275,38691,100000,500049443
css,0.5,7,0.016,0.40573,0.0015527744358373452,40573,100000,920876512
css,0.5,7,0.017,0.43193,0.001566410124437756,43193,100000,804799649
css,0.5,7,0.018000000000000002,0.44616,0.0015719376972356258,44616,100000,3462859954
css,0.5,7,0.019000000000000003,0.46086,0.0015762791347452842,46086,100000,1356527280
css,0.5,7,0.02,0.47142,0.0015785458497017957,47142,100000,1232091283
css,0.5,9,0.001,4e-06,2.999988666684592e-06,2,500000,2501097548
css,0.5,9,0.002,0.000226,2.128135419596325e-05,113,500000,3191794575
css,0.5,9,0.003,0.001822,6.031870421851853e-05,911,500000,2804275918
css,0.5,9,0.004,0.006935,0.0001855813419226037,1387,200000,3898887177
css,0.5,9,0.005,0.01933,0.00043541327412776124,1933,100000,4051664200
css,0.5,9,0.006,0.04134,0.0006295451670992463,4134,100000,3662818955
css,0.5,9,0.007,0.07582,0.0008370927436339992,7582,100000,3276349386
css,0.5,9,0.008,0.12083,0.0010306817475809332,12083,100000,1154548485
css,0.5,9,0.009000000000000001,0.17228,0.0011941492771037898,17228,100000,2702170251
css,0.5,9,0.010000000000000002,0.23096,0.0013327281270150981,23096,100000,80132468
css,0.5,9,0.011,0.28684,0.0014302490103302867,28684,100000,2496778875
css,0.5,9,0.012,0.33971,0.0014976819748363512,33971,100000,3220996536
css,0.5,9,0.013000000000000001,0.38387,0.0015378933410496454,38387,100000,2087825715
css,0.5,9,0.014000000000000002,0.41863,0.0015600530617403963,41863,100000,2010029755
css,0.5,9,0.015,0.44443,0.0015713355366839266,44443,100000,4038924159
css,0.5,9,0.016,0.46302,0.001576800580209814,46302,100000,3683665084
css,0.5,9,0.017,0.47609,0.0015793220803831942,47609,100000,3263919613
css,0.5,9,0.018000000000000002,0.48596,0.0015805074576457079,48596,100000,3805738730
css,0.5,9,0.019000000000000003,0.48909,0.0015807544853819744,48909,100000,2087390440
css,0.5,9,0.02,0.49442,0.0015810324609182302,49442,100000,2193769491
css,0.5,11,0.001,0.0,9.999980000039998e-07,0,500000,854191625
css,0.5,11,0.002,4.6e-05,9.643412052694004e-06,23,500000,432324042
css,0.5,11,0.003,0.000756,3.8882526674464306e-05,378,500000,14650507
css,0.5,11,0.004,0.004186666666666667,0.00011789746989862397,1256,300000,1335761484
css,0.5,11,0.005,0.01433,0.0003758572676058839,1433,100000,1451567885
css,0.5,11,0.006,0.0375,0.000600795539978688,3750,100000,2108192974
css,0.5,11,0.007,0.07793,0.0008476908512733555,7793,100000,1689471375
css,0.5,11,0.008,0.133,0.0010738304976326274,13300,100000,3811267904
css,0.5,11,0.009000000000000001,0.20039,0.0012658323080926293,20039,100000,2870345588
css,0.5,11,0.010000000000000002,0.27506,0.0014120924487082687,27506,100000,249339531
css,0.5,11,0.011,0.34263,0.0015007753943342417,34263,100000,858489918
css,0.5,11,0.012,0.39427,0.0015453766230220656,39427,100000,403101693
css,0.5,11,0.013000000000000001,0.43433,0.0015674343283681447,43433,100000,1986762444
css,0.5,11,0.014000000000000002,0.46064,0.001576224353982414,46064,100000,2111093060
css,0.5,11,0.015,0.47429,0.001579039293826745,47429,100000,1464287546
css,0.5,11,0.016,0.48623,0.0015805312110717673,48623,100000,2087326457
css,0.5,11,0.017,0.49227,0.0015809419607311082,49227,100000,1701913528
css,0.5,11,0.018000000000000002,0.49719,0.0015811059549660778,49719,100000,3905736981
css,0.5,11,0.019000000000000003,0.4959,0.001581077766465655,49590,100000,1987128087
css,0.5,11,0.02,0.49528,0.0015810604734499134,49528,100000,531783927
xzzx,0.5,3,0.001,0.001644,5.730254264569158e-05,822,500000,841233047
xzzx,0.5,3,0.002,0.006595,0.00018100677401594253,1319,200000,420045140
xzzx,0.5,3,0.003,0.01408,0.0003726120760132873,1408,100000,1200149
xzzx,0.5,3,0.004,0.02287,0.00047274746025169345,2287,100000,1330890450
xzzx,0.5,3,0.005,0.03521,0.0005828556978796154,3521,100000,1447622547
xzzx,0.5,3,0.006,0.04942,0.0006854139188171016,4942,100000,2103813200
xzzx,0.5,3,0.007,0.06371,0.0007723492917532659,6371,100000,1686017297
xzzx,0.5,3,0.008,0.07984,0.0008571266246042708,7984,100000,3823536606
xzzx,0.5,3,0.009000000000000001,0.09682,0.0009351290748259439,9682,100000,2563107173
xzzx,0.5,3,0.010000000000000002,0.11312,0.0010016204825321062,11312,100000,1024231578
xzzx,0.5,3,0.011,0.13196,0.0010702652355990827,13196,100000,870733984
xzzx,0.5,3,0.012,0.14799,0.0011228933079711068,14799,100000,415959907
xzzx,0.5,3,0.013000000000000001,0.16817,0.0011827449146580293,16817,100000,1169916125
xzzx,0.5,3,0.014000000000000002,0.18697,0.0012329301636800905,18697,100000,1308929877
xzzx,0.5,3,0.015,0.20696,0.0012811197283941478,20696,100000,1468702116
xzzx,0.5,3,0.016,0.21779,0.001305207296757066,21779,100000,2091372135
xzzx,0.5,3,0.017,0.23145,0.0013337160113210678,23145,100000,1706884902
xzzx,0.5,3,0.018000000000000002,0.24941,0.0013682229636032273,24941,100000,3676096260
xzzx,0.5,3,0.019000000000000003,0.26353,0.0013931279821661757,26353,100000,1168194822
xzzx,0.5,3,0.02,0.27985,0.0014196212411446418,27985,100000,3530489591
xzzx,0.5,5,0.001,0.000248,2.2290693226052752e-05,124,500000,3756933357
xzzx,0.5,5,0.002,0.002158,6.563283356146848e-05,1079,500000,4106425134
xzzx,0.5,5,0.003,0.006905,0.00018518237483363016,1381,200000,3990364783
xzzx,0.5,5,0.004,0.01574,0.00039362980717420806,1574,100000,2727982248
xzzx,0.5,5,0.005,0.02931,0.0005334121749647064,2931,100000,3145893353
xzzx,0.5,5,0.006,0.04628,0.0006643777449614821,4628,100000,2427442730
xzzx,0.5,5,0.007,0.06606,0.0007854765588289764,6606,100000,2310334315
xzzx,0.5,5,0.008,0.08928,0.0009017203302175286,8928,100000,237829028
xzzx,0.5,5,0.009000000000000001,0.11593,0.001012376833377987,11593,100000,51767723
xzzx,0.5,5,0.010000000000000002,0.14551,0.0011150643620460032,14551,100000,2799470676
xzzx,0.5,5,0.011,0.1741,0.0011991197363455386,17410,100000,3727436506
xzzx,0.5,5,0.012,0.20289,0.0012717111047150509,20289,100000,4110514457
xzzx,0.5,5,0.013000000000000001,0.23245,0.0013357242573359684,23245,100000,3731587091
xzzx,0.5,5,0.014000000000000002,0.26175,0.0013900919853348515,26175,100000,3587485595
xzzx,0.5,5,0.015,0.28737,0.0014310376911240708,28737,100000,3124817886
xzzx,0.5,5,0.016,0.3141,0.0014677853425853482,31410,100000,2439887901
xzzx,0.5,5,0.017,0.33306,0.0014903995900291678,33306,100000,2289470812
xzzx,0.5,5,0.018000000000000002,0.35405,0.001512271548190558,35405,100000,1087162314
xzzx,0.5,5,0.019000000000000003,0.37543,0.0015312743891087721,37543,100000,3731963336
xzzx,0.5,5,0.02,0.39539,0.0015461386315164805,39539,100000,2694816887
xzzx,0.5,7,0.001,4.2e-05,9.219334683974322e-06,21,500000,846762756
xzzx,0.5,7,0.002,0.000678,3.682492644519126e-05,339,500000,425050311
xzzx,0.5,7,0.003,0.003245,8.993162402049946e-05,1298,400000,5173638
xzzx,0.5,7,0.004,0.0101,0.0003162323511786882,1010,100000,1326409537
xzzx,0.5,7,0.005,0.02156,0.00045931736798210734,2156,100000,1444173312
xzzx,0.5,7,0.006,0.03979,0.0006181301782500551,3979,100000,2100889027
xzzx,0.5,7,0.007,0.06538,0.000781707959913544,6538,100000,1679963266
xzzx,0.5,7,0.008,0.09798,0.0009401098445294687,9798,100000,3820628045
xzzx,0.5,7,0.009000000000000001,0.13229,0.0010713988990908863,13229,100000,3279229998
xzzx,0.5,7,0.010000000000000002,0.17477,0.0012009373946393898,17477,100000,1723626961
xzzx,0.5,7,0.011,0.21805,0.001305769073830454,21805,100000,867891507
xzzx,0.5,7,0.012,0.25747,0.001382670877408565,25747,100000,412592880
xzzx,0.5,7,0.013000000000000001,0.29644,0.0014441663863490328,29644,100000,504069526
xzzx,0.5,7,0.014000000000000002,0.33669,0.001494415863540377,33669,100000,364139038
xzzx,0.5,7,0.015,0.36304,0.0015206572052247624,36304,100000,1473657911
xzzx,0.5,7,0.016,0.39529,0.001546070940175115,39529,100000,2096852980
xzzx,0.5,7,0.017,0.41804,0.0015597441866274653,41804,100000,1709203125
xzzx,0.5,7,0.018000000000000002,0.43458,0.00156753886465133,43458,100000,2158770767
xzzx,0.5,7,0.019000000000000003,0.44885,0.0015728357506448742,44885,100000,504479821
xzzx,0.5,7,0.02,0.46254,0.0015766872755547112,46254,100000,2395958775
xzzx,0.5,9,0.001,6e-06,3.6055340797784725e-06,3,500000,3742081624
xzzx,0.5,9,0.002,0.000176,1.8786607896372447e-05,88,500000,4096192923
xzzx,0.5,9,0.003,0.001356,5.2051048891856065e-05,678,500000,3980247258
xzzx,0.5,9,0.004,0.00554,0.00016598950712061987,1108,200000,2726057501
xzzx,0.5,9,0.005,0.01587,0.0003952256405121528,1587,100000,3144116060
xzzx,0.5,9,0.006,0.03414,0.0005742499531622494,3414,100000,2420782239
xzzx,0.5,9,0.007,0.0645,0.0007767949740639518,6450,100000,2303788510
xzzx,0.5,9,0.008,0.1049,0.0009690026421964454,10490,100000,248060177
xzzx,0.5,9,0.009000000000000001,0.15355,0.0011400539375005236,15355,100000,4022660726
xzzx,0.5,9,0.010000000000000002,0.20517,0.0012770063022299605,20517,100000,1242402697
xzzx,0.5,9,0.011,0.26194,0.0013904174547929027,26194,100000,3737765999
xzzx,0.5,9,0.012,0.31443,0.0014682028600951913,31443,100000,4125399980
xzzx,0.5,9,0.013000000000000001,0.36058,0.0015184200748735166,36058,100000,851085262
xzzx,0.5,9,0.014000000000000002,0.39533,0.0015460980248285794,39533,100000,956672070
xzzx,0.5,9,0.015,0.42776,0.0015645414241744482,42776,100000,3131379051
xzzx,0.5,9,0.016,0.44906,0.00157290390145709,44906,100000,2441633448
xzzx,0.5,9,0.017,0.46749,0.0015777852232248812,46749,100000,2291363817
xzzx,0.5,9,0.018000000000000002,0.47792,0.0015795885013996092,47792,100000,2887630871
xzzx,0.5,9,0.019000000000000003,0.4871,0.0015806046101196625,48710,100000,849361429
xzzx,0.5,9,0.02,0.48988,0.001580807033363829,48988,100000,1165824375
xzzx,0.5,11,0.001,0.0,9.999980000039998e-07,0,500000,679027310
xzzx,0.5,11,0.002,5.8e-05,1.0816321187368466e-05,29,500000,55865773
xzzx,0.5,11,0.003,0.000598,3.458728099858658e-05,299,500000,441401580
xzzx,0.5,11,0.004,0.0032775,9.037929321609444e-05,1311,400000,1427035691
xzzx,0.5,11,0.005,0.01068,0.0003250880839775344,1068,100000,1276503914
xzzx,0.5,11,0.006,0.03005,0.0005398973468984138,3005,100000,1731769513
xzzx,0.5,11,0.007,0.06238,0.0007647879823378216,6238,100000,2116257256
xzzx,0.5,11,0.008,0.10839,0.0009830675208083867,10839,100000,4189821223
xzzx,0.5,11,0.009000000000000001,0.17506,0.0012017221314155613,17506,100000,1750579939
xzzx,0.5,11,0.010000000000000002,0.24376,0.0013577182166563673,24376,100000,3449740060
xzzx,0.5,11,0.011,0.30776,0.0014595959082508436,30776,100000,700139609
xzzx,0.5,11,0.012,0.36316,0.0015207652314643827,36316,100000,43391898
xzzx,0.5,11,0.013000000000000001,0.41461,0.0015579030578051212,41461,100000,3039417179
xzzx,0.5,11,0.014000000000000002,0.44583,0.0015718243216463201,44583,100000,3197566163
xzzx,0.5,11,0.015,0.46749,0.0015777852232248812,46749,100000,1305972061
xzzx,0.5,11,0.016,0.48339,0.0015802582492832062,48339,100000,1727717022
xzzx,0.5,11,0.017,0.49057,0.0015808496984326958,49057,100000,2145513439
xzzx,0.5,11,0.018000000000000002,0.49416,0.0015810230710116002,49416,100000,730764418
xzzx,0.5,11,0.019000000000000003,0.49827,0.0015811214601821333,49827,100000,3040046720
xzzx,0.5,11,0.02,0.49882,0.0015811265213538372,49882,100000,1437235939
css,1,3,0.001,0.001962,6.258822127878829e-05,981,500000,2201664452
css,1,3,0.002,0.00769,0.00019534632808723825,1538,200000,2820139015
css,1,3,0.003,0.0166,0.0004040620430837069,1660,100000,2970409286
css,1,3,0.004,0.02882,0.0005290685000096454,2882,100000,4266479489
css,1,3,0.005,0.04055,0.0006237581209709575,4055,100000,3881205440
css,1,3,0.006,0.05753,0.0007363539547003486,5753,100000,3430624515
css,1,3,0.007,0.07413,0.0008284676841961297,7413,100000,3579845698
css,1,3,0.008,0.09195,0.0009137616077024568,9195,100000,1391984781
css,1,3,0.009000000000000001,0.11113,0.0009938845379478117,11113,100000,2343487597
css,1,3,0.010000000000000002,0.12841,0.0010579278494592115,12841,100000,778545554
css,1,3,0.011,0.14578,0.0011159220448737628,14578,100000,2197344755
css,1,3,0.012,0.1701,0.001188131586452229,17010,100000,2849342000
css,1,3,0.013000000000000001,0.1856,0.0012294393720007069,18560,100000,1456513493
css,1,3,0.014000000000000002,0.20673,0.0012805933282859783,20673,100000,1567592029
css,1,3,0.015,0.22603,0.0013226467415515808,22603,100000,3868464375
css,1,3,0.016,0.24005,0.0013506474335842622,24005,100000,3451471668
css,1,3,0.017,0.26024,0.001387493394956918,26024,100000,3567416949
css,1,3,0.018000000000000002,0.27236,0.0014077590944790441,27236,100000,3363300876
css,1,3,0.019000000000000003,0.28843,0.0014326078680115817,28843,100000,1456086030
css,1,3,0.02,0.30269,0.0014528146562381439,30269,100000,3339618764
css,1,5,0.001,0.000382,2.7653301668635697e-05,191,500000,1963441666
css,1,5,0.002,0.0030675,8.744569958308614e-05,1227,400000,1579871681
css,1,5,0.003,0.009655,0.00021866567340814505,1931,200000,1194450048
css,1,5,0.004,0.02134,0.00045701954733006964,2134,100000,141576775
css,1,5,0.005,0.03764,0.0006018721284148307,3764,100000,292256518
css,1,5,0.006,0.05916,0.0007460662247067013,5916,100000,977676485
css,1,5,0.007,0.08277,0.0008713214601410585,8277,100000,593303940
css,1,5,0.008,0.11142,0.0009950181077147818,11142,100000,2764375371
css,1,5,0.009000000000000001,0.14209,0.0011040855667833471,14209,100000,1114521489
css,1,5,0.010000000000000002,0.17792,0.0012093967434403385,17792,100000,3886505582
css,1,5,0.011,0.20619,0.001279354956161216,20619,100000,1959121973
css,1,5,0.012,0.23766,0.0013460185765800659,23766,100000,1609074678
css,1,5,0.013000000000000001,0.26956,0.0014031962388095787,26956,100000,2668647977
css,1,5,0.014000000000000002,0.29869,0.0014473168085362698,29869,100000,2494527905
css,1,5,0.015,0.32643,0.001482806655120128,32643,100000,279515441
css,1,5,0.016,0.35009,0.0015083929904982085,35009,100000,998523634
css,1,5,0.017,0.37171,0.0015281999381185352,37171,100000,580875187
css,1,5,0.018000000000000002,0.39346,0.0015448202336745265,39346,100000,28774896
css,1,5,0.019000000000000003,0.40676,0.0015533962028289605,40676,100000,2668293106
css,1,5,0.02,0.42331,0.0015624220350159979,42331,100000,1127027737
css,1,7,0.001,6.8e-05,1.170428144050868e-05,34,500000,2445524863
css,1,7,0.002,0.001088,4.6632861948373364e-05,544,500000,3136220348
css,1,7,0.003,0.004703333333333334,0.00012492683336981416,1411,300000,2750799357
css,1,7,0.004,0.01399,0.0003714364544379154,1399,100000,3971238714
css,1,7,0.005,0.03081,0.00054646726017284,3081,100000,4121918075
css,1,7,0.006,0.05631,0.0007289761387196739,5631,100000,3733072312
css,1,7,0.007,0.08875,0.0008993015067568361,8875,100000,3348699385
css,1,7,0.008,0.12659,0.0010515001692046055,12659,100000,1073808438
css,1,7,0.009000000000000001,0.17228,0.0011941492771037898,17228,100000,3019804922
css,1,7,0.010000000000000002,0.22033,0.0013106630207941061,22033,100000,372764933
css,1,7,0.011,0.26443,0.0013946518740275415,26443,100000,2416039240
css,1,7,0.012,0.30618,0.0014575049191600797,30618,100000,3140257419
css,1,7,0.013000000000000001,0.34289,0.0015010477726862814,34289,100000,1853946178
css,1,7,0.014000000000000002,0.37667,0.0015322777663537845,37667,100000,1698682570
css,1,7,0.015,0.40848,0.0015544187246063768,40848,100000,4100788300
css,1,7,0.016,0.42732,0.0015643376338599913,42732,100000,3745530767
css,1,7,0.017,0.44802,0.0015725636192618908,44802,100000,3327881934
css,1,7,0.018000000000000002,0.46055,0.0015762018546194856,46055,100000,4029136539
css,1,7,0.019000000000000003,0.4753,0.0015792005009707122,47530,100000,1855603865
css,1,7,0.02,0.48307,0.0015802242905910702,48307,100000,2313380501
css,1,9,0.001,2e-05,6.4030489615254395e-06,10,500000,1108128719
css,1,9,0.002,0.000334,2.586066922762194e-05,167,500000,1763827724
css,1,9,0.003,0.002322,6.807494469471915e-05,1161,500000,1882902861
css,1,9,0.004,0.009105,0.0002124059643958589,1821,200000,1065043850
css,1,9,0.005,0.02437,0.00048762821426853037,2437,100000,643856075
css,1,9,0.006,0.05095,0.0006953821279164218,5095,100000,223159560
css,1,9,0.007,0.09079,0.0009085594363124894,9079,100000,341185609
css,1,9,0.008,0.1438,0.0011096017193377716,14380,100000,2479753350
css,1,9,0.009000000000000001,0.20355,0.0012732503883788326,20355,100000,178181672
css,1,9,0.010000000000000002,0.26482,0.0013953099075153519,26482,100000,2941761495
css,1,9,0.011,0.31782,0.0014724422277498372,31782,100000,1137629688
css,1,9,0.012,0.3682,0.0015252101738599255,36820,100000,1759742523
css,1,9,0.013000000000000001,0.40807,0.0015541767729089218,40807,100000,3621830544
css,1,9,0.014000000000000002,0.43807,0.0015689558688196104,43807,100000,3697250328
css,1,9,0.015,0.45995,0.0015760505372752753,45995,100000,664935676
css,1,9,0.016,0.47544,0.0015792223354825219,47544,100000,210718527
css,1,9,0.017,0.4844,0.001580361176731826,48440,100000,362053246
css,1,9,0.018000000000000002,0.49275,0.0015809647009855654,49275,100000,1229453385
css,1,9,0.019000000000000003,0.49589,0.0015810775068377803,49589,100000,3623486027
css,1,9,0.02,0.50049,0.001581130165197675,50049,100000,2417699314
css,1,11,0.001,2e-06,2.236061716521259e-06,1,500000,3764385866
css,1,11,0.002,7.8e-05,1.2529453461765833e-05,39,500000,3413289865
css,1,11,0.003,0.00112,4.731260134532931e-05,560,500000,3530136264
css,1,11,0.004,0.00599,0.0001725588355713445,1198,200000,2636647439
css,1,11,0.005,0.01936,0.0004357443132375696,1936,100000,2217950542
css,1,11,0.006,0.04733,0.0006715018188069577,4733,100000,2938007181
css,1,11,0.007,0.09624,0.000932623304549296,9624,100000,3053805516
css,1,11,0.008,0.15833,0.0011543892145102486,15833,100000,832389891
css,1,11,0.009000000000000001,0.23545,0.0013416862421522235,23545,100000,1502750012
css,1,11,0.010000000000000002,0.30878,0.0014609351214746047,30878,100000,4233839811
css,1,11,0.011,0.37109,0.001527678121450271,37109,100000,3785200253
css,1,11,0.012,0.41941,0.001560457887345934,41941,100000,3400581566
css,1,11,0.013000000000000001,0.4509,0.0015734889203311009,45090,100000,2230078596
css,1,11,0.014000000000000002,0.47532,0.0015792036278037824,47532,100000,2404606732
css,1,11,0.015,0.48399,0.0015803201734184147,48399,100000,2247186297
css,1,11,0.016,0.49412,0.001581021588456244,49412,100000,2933654714
css,1,11,0.017,0.49755,0.001581111943048441,49755,100000,3083286011
css,1,11,0.018000000000000002,0.49708,0.0015811039617796285,49708,100000,441125725
css,1,11,0.019000000000000003,0.49468,0.0015810414232114156,49468,100000,2230776159
css,1,11,0.02,0.5018,0.0015811206787902377,50180,100000,2753683153
xzzx,1,3,0.001,0.001506,5.4849356369791576e-05,753,500000,3955715007
xzzx,1,3,0.002,0.00592,0.00017155385070591507,1184,200000,3236575356
xzzx,1,3,0.003,0.01257,0.00035233857032437345,1257,100000,3656452413
xzzx,1,3,0.004,0.0229,0.000473050128896646,2290,100000,2528157690
xzzx,1,3,0.005,0.03363,0.0005700953699100536,3363,100000,2410393275
xzzx,1,3,0.006,0.04425,0.0006503352337367124,4425,100000,2760310136
xzzx,1,3,0.007,0.05968,0.0007491306641760412,5968,100000,3181235257
xzzx,1,3,0.008,0.07261,0.0008206030777083567,7261,100000,973459702
xzzx,1,3,0.009000000000000001,0.08971,0.0009036757307363114,8971,100000,2224206683
xzzx,1,3,0.010000000000000002,0.10661,0.0009759349516869215,10661,100000,559665828
xzzx,1,3,0.011,0.12072,0.001030276946496489,12072,100000,3926196616
xzzx,1,3,0.012,0.14121,0.0011012257284120364,14121,100000,3240645195
xzzx,1,3,0.013000000000000001,0.15559,0.0011462182351296701,15559,100000,1508694755
xzzx,1,3,0.014000000000000002,0.17646,0.0012054935170137948,17646,100000,1381234027
xzzx,1,3,0.015,0.19087,0.0012427310824288107,19087,100000,2389296268
xzzx,1,3,0.016,0.20776,0.0012829457918545617,20776,100000,2772735823
xzzx,1,3,0.017,0.22351,0.0013173925338959003,22351,100000,3160385038
xzzx,1,3,0.018000000000000002,0.23836,0.001347380345389726,23836,100000,3343621434
xzzx,1,3,0.019000000000000003,0.25136,0.0013717758083719306,25136,100000,1509320504
xzzx,1,3,0.02,0.26841,0.0014013016969499081,26841,100000,3882682910
xzzx,1,5,0.001,0.00023,2.1468403676769507e-05,115,500000,502951545
xzzx,1,5,0.002,0.001816,6.02195133028022e-05,908,500000,920075706
xzzx,1,5,0.003,0.00611,0.0001742678564921902,1222,200000,801901819
xzzx,1,5,0.004,0.01303,0.0003586427449353575,1303,100000,1619892796
xzzx,1,5,0.005,0.02349,0.00047895992622018144,2349,100000,2039917437
xzzx,1,5,0.006,0.03761,0.0006016416204943018,3761,100000,1388050622
xzzx,1,5,0.007,0.0577,0.0007373745490055345,5770,100000,1268828671
xzzx,1,5,0.008,0.07679,0.0008419879928202728,7679,100000,3426276656
xzzx,1,5,0.009000000000000001,0.1028,0.0009603791716528975,10280,100000,1297237159
xzzx,1,5,0.010000000000000002,0.12752,0.0010547934604006048,12752,100000,3902481752
xzzx,1,5,0.011,0.15272,0.0011375258839111668,15272,100000,473433166
xzzx,1,5,0.012,0.18078,0.0012169557494937921,18078,100000,924145549
xzzx,1,5,0.013000000000000001,0.20882,0.0012853536607308202,20882,100000,2418814239
xzzx,1,5,0.014000000000000002,0.23602,0.0013428084499023107,23602,100000,2610102935
xzzx,1,5,0.015,0.26046,0.0013878733227352669,26046,100000,2018820426
xzzx,1,5,0.016,0.28785,0.00143174990017092,28785,100000,1400476297
xzzx,1,5,0.017,0.30954,0.0014619275423711775,30954,100000,1247978440
xzzx,1,5,0.018000000000000002,0.33129,0.0014884052041623241,33129,100000,244017862
xzzx,1,5,0.019000000000000003,0.3525,0.0015107669745644814,35250,100000,2419495108
xzzx,1,5,0.02,0.37063,0.0015272892255624448,37063,100000,1666095051
xzzx,1,7,0.001,2.8e-05,7.5497154917888124e-06,14,500000,4181618436
xzzx,1,7,0.002,0.000524,3.23797259748934e-05,262,500000,3524476103
xzzx,1,7,0.003,0.00244,6.977874550095648e-05,1220,500000,3406302598
xzzx,1,7,0.004,0.00747,0.000192553563276107,1494,200000,2219416385
xzzx,1,7,0.005,0.01612,0.00039827538653357253,1612,100000,2639440384
xzzx,1,7,0.006,0.03147,0.0005521008011800249,3147,100000,3061840323
xzzx,1,7,0.007,0.05078,0.0006942832817850991,5078,100000,2942617730
xzzx,1,7,0.008,0.07665,0.0008412839115048143,7665,100000,687658061
xzzx,1,7,0.009000000000000001,0.10972,0.0009883423898066485,10972,100000,3166890956
xzzx,1,7,0.010000000000000002,0.14769,0.0011219520771159897,14769,100000,420186675
xzzx,1,7,0.011,0.1825,0.0012214469539024442,18250,100000,4177265971
xzzx,1,7,0.012,0.22383,0.0013180635663711249,22383,100000,3553711856
xzzx,1,7,0.013000000000000001,0.25983,0.001386784138719066,25983,100000,1639744116
xzzx,1,7,0.014000000000000002,0.29723,0.0014452773070456892,29723,100000,1778626044
xzzx,1,7,0.015,0.33371,0.001491126047535818,33371,100000,2626732087
xzzx,1,7,0.016,0.35953,0.0015174520544501413,35953,100000,3082654708
xzzx,1,7,0.017,0.38764,0.0015406913477936102,38764,100000,2930156213
xzzx,1,7,0.018000000000000002,0.40882,0.0015546185187960138,40882,100000,4280010157
xzzx,1,7,0.019000000000000003,0.42885,0.0015650408262084525,42885,100000,1638285231
xzzx,1,7,0.02,0.44582,0.0015718208750795104,44582,100000,2843795783
xzzx,1,9,0.001,6e-06,3.6055340797784725e-06,3,500000,720462772
xzzx,1,9,0.002,0.00013,1.615441599496346e-05,65,500000,31207543
xzzx,1,9,0.003,0.0009,4.241901463378889e-05,450,500000,415695158
xzzx,1,9,0.004,0.0039033333333333333,0.00011385524039294811,1171,300000,1468438513
xzzx,1,9,0.005,0.01049,0.00032221502531565305,1049,100000,1318954672
xzzx,1,9,0.006,0.02396,0.0004836109039160347,2396,100000,1706095987
xzzx,1,9,0.007,0.04707,0.0006697463547878021,4707,100000,2091631666
xzzx,1,9,0.008,0.07819,0.0008489839948146588,7819,100000,4214479101
xzzx,1,9,0.009000000000000001,0.11669,0.0010152530837778534,11669,100000,94547230
xzzx,1,9,0.010000000000000002,0.16516,0.0011742313091885892,16516,100000,2691419361
xzzx,1,9,0.011,0.21565,0.0013005544763645682,21565,100000,724765059
xzzx,1,9,0.012,0.26814,0.0014008551516486722,26814,100000,1989184
xzzx,1,9,0.013000000000000001,0.314,0.0014676586521893409,31400,100000,3638346918
xzzx,1,9,0.014000000000000002,0.35652,0.0015146332934048434,35652,100000,3546540846
xzzx,1,9,0.015,0.39284,0.0015443913496483441,39284,100000,1331678343
xzzx,1,9,0.016,0.42268,0.0015621115107150585,42268,100000,1685233476
xzzx,1,9,0.017,0.44552,0.001571717178710963,44552,100000,2104077829
xzzx,1,9,0.018000000000000002,0.46174,0.0015764951687243234,46174,100000,1182499711
xzzx,1,9,0.019000000000000003,0.47696,0.0015794513890641793,47696,100000,3636885885
xzzx,1,9,0.02,0.48284,0.0015801994820724974,48284,100000,2960697888
xzzx,1,11,0.001,0.0,9.999980000039998e-07,0,500000,669035822
xzzx,1,11,0.002,4.8e-05,9.848604166052973e-06,24,500000,214826733
xzzx,1,11,0.003,0.000386,2.7797462423776007e-05,193,500000,366399404
xzzx,1,11,0.004,0.001978,6.284233632947818e-05,989,500000,1519868267
xzzx,1,11,0.005,0.00688,0.00018484922587553004,1376,200000,1133275178
xzzx,1,11,0.006,0.01994,0.000442091681757701,1994,100000,1755397097
xzzx,1,11,0.007,0.04169,0.0006320889559477197,4169,100000,1908017832
xzzx,1,11,0.008,0.07866,0.0008513146006010608,7866,100000,4129429095
xzzx,1,11,0.009000000000000001,0.1275,0.001054722831403454,12750,100000,2519174366
xzzx,1,11,0.010000000000000002,0.19009,0.001240786898626639,19009,100000,871296289
xzzx,1,11,0.011,0.25281,0.001374393778960703,25281,100000,639813401
xzzx,1,11,0.012,0.31121,0.0014640920351794429,31121,100000,219124954
xzzx,1,11,0.013000000000000001,0.36174,0.001519480354383762,36174,100000,1264182630
xzzx,1,11,0.014000000000000002,0.41054,0.0015556174609602236,41054,100000,1088867054
xzzx,1,11,0.015,0.44227,0.0015705566331051246,44227,100000,1112408605
xzzx,1,11,0.016,0.46113,0.0015763459434466887,46113,100000,1768116702
xzzx,1,11,0.017,0.47538,0.0015792129930687349,47538,100000,1886937247
xzzx,1,11,0.018000000000000002,0.48733,0.0015806232135949783,48733,100000,3590234815
xzzx,1,11,0.019000000000000003,0.49337,0.0015809919165009068,49337,100000,1262704829
xzzx,1,11,0.02,0.49608,0.0015810823316080858,49608,100000,3436973738
css,10,3,0.001,0.00252,7.928212327937105e-05,1008,400000,3329545355
css,10,3,0.002,0.01027,0.0003188545712783184,1027,100000,3982067528
css,10,3,0.003,0.0208,0.00045132529963332405,2080,100000,4098012681
css,10,3,0.004,0.03567,0.0005865105549544489,3567,100000,3137544398
css,10,3,0.005,0.0536,0.0007122396045181612,5360,100000,2719486351
css,10,3,0.006,0.06965,0.0008049849780703416,6965,100000,2301968972
css,10,3,0.007,0.09277,0.000917412359850836,9277,100000,2418963213
css,10,3,0.008,0.11419,0.0010057391354992007,11419,100000,397832130
css,10,3,0.009000000000000001,0.13462,0.0010793406581605103,13462,100000,541005481
css,10,3,0.010000000000000002,0.15938,0.0011574879525501902,15938,100000,2247522134
css,10,3,0.011,0.18097,0.0012174538787867173,18097,100000,3350642364
css,10,3,0.012,0.20297,0.0012718979661708318,20297,100000,3969641855
css,10,3,0.013000000000000001,0.22292,0.001316152381255653,22292,100000,4248928017
css,10,3,0.014000000000000002,0.24313,0.0013565272675075124,24313,100000,4143861913
css,10,3,0.015,0.25972,0.0013865935824791675,25972,100000,2749004728
css,10,3,0.016,0.27819,0.0014170349604147314,27819,100000,2297899131
css,10,3,0.017,0.29758,0.0014457678343697822,29758,100000,2448169274
css,10,3,0.018000000000000002,0.31271,0.0014660172490982282,31271,100000,1676032200
css,10,3,0.019000000000000003,0.32613,0.0014824551518729523,32613,100000,4250649290
css,10,3,0.02,0.34022,0.0014982268259856601,34022,100000,1446884321
css,10,5,0.001,0.00058,3.406350772755388e-05,290,500000,3028651531
css,10,5,0.002,0.00432,0.00011975171887892554,1296,300000,2678644168
css,10,5,0.003,0.01428,0.00037521060796026975,1428,100000,2259938441
css,10,5,0.004,0.02852,0.0005263891661700555,2852,100000,3388111438
css,10,5,0.005,0.05085,0.0006947360087035184,5085,100000,3504950031
css,10,5,0.006,0.07917,0.0008538334324073305,7917,100000,4223932620
css,10,5,0.007,0.1114,0.0009949399990898805,11140,100000,3806275981
css,10,5,0.008,0.14647,0.0011181079498721047,14647,100000,1699165506
css,10,5,0.009000000000000001,0.18364,0.0012244012907048352,18364,100000,2499635305
css,10,5,0.010000000000000002,0.21895,0.0013077078316021395,21895,100000,825493910
css,10,5,0.011,0.2558,0.001379728425016713,25580,100000,3041387580
css,10,5,0.012,0.28899,0.0014334335367084394,28899,100000,2657794047
css,10,5,0.013000000000000001,0.32343,0.0014792604863747005,32343,100000,1233322449
css,10,5,0.014000000000000002,0.34757,0.0015058653984209025,34757,100000,1111240281
css,10,5,0.015,0.3729,0.0015291939481581474,37290,100000,3509264696
css,10,5,0.016,0.39331,0.0015447167105223647,39331,100000,4194726651
css,10,5,0.017,0.41632,0.0015588306440076916,41632,100000,3810345914
css,10,5,0.018000000000000002,0.43025,0.0015656708939773556,43025,100000,3609478664
css,10,5,0.019000000000000003,0.44518,0.0015715989556141507,44518,100000,1234811914
css,10,5,0.02,0.45773,0.0015754706689098397,45773,100000,2684401191
css,10,7,0.001,0.000112,1.4999133711753207e-05,56,500000,2597668747
css,10,7,0.002,0.001668,5.771847387360269e-05,834,500000,2985825352
css,10,7,0.003,0.00775,0.00019610087440781422,1550,200000,2833458441
css,10,7,0.004,0.02188,0.0004626374123556064,2188,100000,3886199758
css,10,7,0.005,0.04609,0.0006630786721721071,4609,100000,4273570447
css,10,7,0.006,0.08043,0.0008600118362667303,8043,100000,3583299916
css,10,7,0.007,0.12622,0.0010501847733273284,12622,100000,3431981069
css,10,7,0.008,0.1729,0.0011958479413416434,17290,100000,1259863234
css,10,7,0.009000000000000001,0.22739,0.00132545378730059,22739,100000,1315717142
css,10,7,0.010000000000000002,0.27847,0.0014174728943479042,27847,100000,3953467881
css,10,7,0.011,0.32587,0.0014821499571265884,32587,100000,2601987516
css,10,7,0.012,0.36416,0.0015216614717787347,36416,100000,2956623487
css,10,7,0.013000000000000001,0.39731,0.001547425199570407,39731,100000,2467441070
css,10,7,0.014000000000000002,0.42778,0.00156455065733907,42778,100000,2561476134
css,10,7,0.015,0.44503,0.001571546561696835,44503,100000,4286310584
css,10,7,0.016,0.46538,0.001577336297672538,46538,100000,3562453883
css,10,7,0.017,0.47469,0.0015791039127832085,47469,100000,3444410938
css,10,7,0.018000000000000002,0.48384,0.0015803049061742236,48384,100000,229994103
css,10,7,0.019000000000000003,0.49098,0.0015808736231975873,49098,100000,2466813045
css,10,7,0.02,0.49221,0.0015809390157076608,49221,100000,1153742682
css,10,9,0.001,2.2e-05,6.7081183654145504e-06,11,500000,1365719819
css,10,9,0.002,0.000594,3.447157633234882e-05,297,500000,2051696840
css,10,9,0.003,0.004163333333333333,0.00011756991787591729,1249,300000,1666275721
css,10,9,0.004,0.01434,0.00037598645809328035,1434,100000,739299150
css,10,9,0.005,0.04098,0.0006269158918786391,4098,100000,889978383
css,10,9,0.006,0.08026,0.0008591819132494488,8026,100000,505851340
css,10,9,0.007,0.13518,0.001081233228576145,13518,100000,121478285
css,10,9,0.008,0.20406,0.0012744362204849535,20406,100000,2158329922
css,10,9,0.009000000000000001,0.26879,0.0014019290462439216,26879,100000,638096296
css,10,9,0.010000000000000002,0.33145,0.0014885864627173229,33145,100000,2210525783
css,10,9,0.011,0.38486,0.001538637532251863,38486,100000,1353011516
css,10,9,0.012,0.42327,0.001562402396545426,42327,100000,2072511231
css,10,9,0.013000000000000001,0.4512,0.0015735822433323166,45120,100000,4218878480
css,10,9,0.014000000000000002,0.47124,0.0015785131579036937,47124,100000,4039759256
css,10,9,0.015,0.48318,0.0015802360370626989,48318,100000,885625912
css,10,9,0.016,0.49179,0.0015809177627981175,49179,100000,535087099
css,10,9,0.017,0.49823,0.001581121017467213,49823,100000,117438138
css,10,9,0.018000000000000002,0.49693,0.0015811011204647785,49693,100000,1708244425
css,10,9,0.019000000000000003,0.50126,0.001581125904084657,50126,100000,4218177483
css,10,9,0.02,0.4989,0.0015811270981461178,49890,100000,2534128618
css,10,11,0.001,4e-06,2.999988666684592e-06,2,500000,3424067567
css,10,11,0.002,0.000236,2.17459586234142e-05,118,500000,3879357484
css,10,11,0.003,0.002136,6.529822319597308e-05,1068,500000,4263607661
css,10,11,0.004,0.01074,0.0003259898749982913,1074,100000,2975919018
css,10,11,0.005,0.03412,0.0005740876800922959,3412,100000,2826689259
css,10,11,0.006,0.08151,0.0008652578953702861,8151,100000,2203486504
css,10,11,0.007,0.14894,0.001125863407569927,14894,100000,2588784745
css,10,11,0.008,0.23168,0.0013341788392710052,23168,100000,500540582
css,10,11,0.009000000000000001,0.31071,0.0014634463178686552,31071,100000,1015106342
css,10,11,0.010000000000000002,0.38132,0.001535945439524511,38132,100000,2571643609
css,10,11,0.011,0.42829,0.0015647852209486612,42829,100000,3453318616
css,10,11,0.012,0.46432,0.0015771000700204874,46432,100000,3875022363
css,10,11,0.013000000000000001,0.48143,0.0015800400691811656,48143,100000,3791594142
css,10,11,0.014000000000000002,0.49019,0.0015808265744530203,49019,100000,3930066198
css,10,11,0.015,0.49797,0.0015811178931610659,49797,100000,2847518940
css,10,11,0.016,0.49605,0.00158108158498238,49605,100000,2190795551
css,10,11,0.017,0.49844,0.0015811232288271138,49844,100000,2609893982
css,10,11,0.018000000000000002,0.49993,0.001581130908954398,49993,100000,2136499527
css,10,11,0.019000000000000003,0.50099,0.0015811278251444405,50099,100000,3789922117
css,10,11,0.02,0.49913,0.0015811285309554612,49913,100000,895021167
xzzx,10,3,0.005,0.02544,0.0004979438773728487,2544,100000,1705460971
xzzx,10,3,0.006,0.03537,0.0005841299571240494,3537,100000,1317672744
xzzx,10,3,0.007,0.04668,0.0006671025973851302,4668,100000,1469130345
xzzx,10,3,0.008,0.05752,0.0007362938634626268,5752,100000,3490265766
xzzx,10,3,0.009000000000000001,0.06845,0.0007985350473033725,6845,100000,4018847563
xzzx,10,3,0.01,0.08122,0.0008638536861422519,8122,100000,367865945
xzzx,10,3,0.011,0.09114,0.0009101337467913306,9114,100000,650200
xzzx,10,3,0.012,0.1067,0.0009762976168996573,10670,100000,723826715
xzzx,10,3,0.013000000000000001,0.12212,0.0010354084288243526,12212,100000,854906611
xzzx,10,3,0.014000000000000002,0.13355,0.0010757071311317257,13355,100000,961280379
xzzx,10,3,0.015,0.14694,0.0011195920212956068,14694,100000,1684352732
xzzx,10,3,0.016,0.16073,0.0011614459486912199,16073,100000,1330150687
xzzx,10,3,0.017,0.17914,0.0012126352271681073,17914,100000,1448299614
xzzx,10,3,0.018000000000000002,0.18946,0.0012392107855320744,18946,100000,2891157802
xzzx,10,3,0.019,0.20518,0.001277029388759593,20518,100000,3369099728
xzzx,10,3,0.02,0.216,0.001301318996713735,21600,100000,1052795802
xzzx,10,3,0.021,0.22814,0.0013269932876997514,22814,100000,38753665
xzzx,10,3,0.022000000000000002,0.24074,0.001351972990557837,24074,100000,1962513169
xzzx,10,3,0.023000000000000003,0.24916,0.0013677647927192588,24916,100000,3930351891
xzzx,10,3,0.024,0.26273,0.0013917671250937569,26273,100000,2134417860
xzzx,10,3,0.025,0.27384,0.001410142465769204,27384,100000,1713606789
xzzx,10,5,0.005,0.01069,0.00032523856380656073,1069,100000,391519851
xzzx,10,5,0.006,0.01705,0.00040940764854944384,1705,100000,1014713768
xzzx,10,5,0.007,0.02644,0.0005073747287675547,2644,100000,627080425
xzzx,10,5,0.008,0.03561,0.0005860353318849071,3561,100000,2734186534
xzzx,10,5,0.009000000000000001,0.04898,0.0006825139408450434,4898,100000,1531494795
xzzx,10,5,0.01,0.06355,0.0007714447954319525,6355,100000,3822073247
xzzx,10,5,0.011,0.07591,0.0008375486189923925,7591,100000,1928900952
xzzx,10,5,0.012,0.09542,0.0009290629541394008,9542,100000,1507189403
xzzx,10,5,0.013000000000000001,0.11336,0.0010025467579616726,11336,100000,2251728947
xzzx,10,5,0.014000000000000002,0.1318,0.0010697147816550456,13180,100000,2374600635
xzzx,10,5,0.015,0.14964,0.0011280417786179997,14964,100000,378827868
xzzx,10,5,0.016,0.16866,0.0011841178155740095,16866,100000,1035544479
xzzx,10,5,0.017,0.18951,0.0012393360640959306,18951,100000,614602462
xzzx,10,5,0.018000000000000002,0.20859,0.001284832324839641,20859,100000,412217322
xzzx,10,5,0.019,0.22484,0.0013201741879873274,22484,100000,3122740048
xzzx,10,5,0.02,0.24207,0.001354514472653362,24207,100000,3372050012
xzzx,10,5,0.021,0.26153,0.001389714706214018,26153,100000,1891503873
xzzx,10,5,0.022000000000000002,0.27679,0.0014148349457238085,27679,100000,3225152977
xzzx,10,5,0.023000000000000003,0.29392,0.0014405880153312012,29392,100000,1585846227
xzzx,10,5,0.024,0.31079,0.0014635497665700936,31079,100000,231340868
xzzx,10,5,0.025,0.32948,0.0014863411827628625,32948,100000,349358597
xzzx,10,7,0.005,0.004176666666666667,0.00011775720391255916,1253,300000,956749803
xzzx,10,7,0.006,0.008535,0.00020570997960231603,1707,200000,304841768
xzzx,10,7,0.007,0.01546,0.00039016898819356407,1546,100000,187741545
xzzx,10,7,0.008,0.02434,0.00048733550461501143,2434,100000,2359863718
xzzx,10,7,0.009000000000000001,0.03509,0.0005818978835355898,3509,100000,2178542068
xzzx,10,7,0.01,0.04964,0.0006868582593719391,4964,100000,118764770
xzzx,10,7,0.011,0.06782,0.0007951206396517169,6782,100000,1554544856
xzzx,10,7,0.012,0.08966,0.0009034486811811682,8966,100000,2005216027
xzzx,10,7,0.013000000000000001,0.10957,0.000987749785071948,10957,100000,1554481228
xzzx,10,7,0.014000000000000002,0.13501,0.0010806593553892851,13501,100000,1461235652
xzzx,10,7,0.015,0.15953,0.0011579291752376042,15953,100000,952417756
xzzx,10,7,0.016,0.18564,0.0012295416497196954,18564,100000,334097951
xzzx,10,7,0.017,0.21088,0.0012899953387799923,21088,100000,183689054
xzzx,10,7,0.018000000000000002,0.23712,0.0013449646379074531,23712,100000,3254830997
xzzx,10,7,0.019,0.26289,0.0013920397707363752,26289,100000,2490495696
xzzx,10,7,0.02,0.28668,0.0014300104465345687,28668,100000,741959457
xzzx,10,7,0.021,0.31222,0.001465390312650472,31222,100000,1592706689
xzzx,10,7,0.022000000000000002,0.33066,0.0014876896112331894,33066,100000,447399342
xzzx,10,7,0.023000000000000003,0.35064,0.001508938489755307,35064,100000,2216116140
xzzx,10,7,0.024,0.36809,0.0015251150773785693,36809,100000,597242564
xzzx,10,7,0.025,0.38312,0.001537325075706475,38312,100000,981599109
xzzx,10,9,0.005,0.001726,5.8711396337286694e-05,863,500000,4071926635
xzzx,10,9,0.006,0.004313333333333333,0.00011965970061367931,1294,300000,3650746536
xzzx,10,9,0.007,0.00897,0.00021083998900559356,1794,200000,3229796841
xzzx,10,9,0.008,0.01587,0.0003952256405121528,1587,100000,1192940838
xzzx,10,9,0.009000000000000001,0.02578,0.0005011725176992769,2578,100000,3921492554
xzzx,10,9,0.01,0.04153,0.0006309275945523413,4153,100000,3571136594
xzzx,10,9,0.011,0.06173,0.000761056822315094,6173,100000,2535064664
xzzx,10,9,0.012,0.08368,0.0008756633144071518,8368,100000,3157743515
xzzx,10,9,0.013000000000000001,0.11079,0.0009925527974271042,11079,100000,885216242
xzzx,10,9,0.014000000000000002,0.14354,0.0011087664752395532,14354,100000,1065122938
xzzx,10,9,0.015,0.17485,0.0012011539948887928,17485,100000,4084646236
xzzx,10,9,0.016,0.20575,0.0012783433387016097,20575,100000,3629879967
xzzx,10,9,0.017,0.24121,0.0013528731476017686,24121,100000,3242238942
xzzx,10,9,0.018000000000000002,0.27377,0.0014100301794993664,27377,100000,2858685483
xzzx,10,9,0.019,0.30353,0.0014539525821795074,30353,100000,1606651472
xzzx,10,9,0.02,0.33142,0.0014885524915191906,33142,100000,4294339473
xzzx,10,9,0.021,0.35809,0.0015161116538300323,35809,100000,2505882113
xzzx,10,9,0.022000000000000002,0.38222,0.0015366380480236752,38222,100000,1926108688
xzzx,10,9,0.023000000000000003,0.40235,0.0015506842626162864,40235,100000,3967020050
xzzx,10,9,0.024,0.42127,0.0015614070932700175,42127,100000,3895152196
xzzx,10,9,0.025,0.43743,0.0015687019265109847,43743,100000,4046487301
xzzx,10,11,0.005,0.000762,3.903629870599201e-05,381,500000,3798188287
xzzx,10,11,0.006,0.001986,6.296900624593938e-05,993,500000,3377369916
xzzx,10,11,0.007,0.004906666666666667,0.0001275851619667017,1472,300000,3495273085
xzzx,10,11,0.008,0.0107,0.00032538897097130273,1070,100000,1473101490
xzzx,10,11,0.009000000000000001,0.02,0.00044274267871846976,2000,100000,1917484507
xzzx,10,11,0.01,0.03528,0.0005834135827505124,3528,100000,3653957320
xzzx,10,11,0.011,0.05435,0.0007169208432168048,5435,100000,2278387660
xzzx,10,11,0.012,0.08142,0.000864822454361383,8142,100000,2900376591
xzzx,10,11,0.013000000000000001,0.11357,0.0010033560765904531,11357,100000,2939425891
xzzx,10,11,0.014000000000000002,0.15003,0.001129251737515935,15003,100000,2760588267
xzzx,10,11,0.015,0.18817,0.0012359672158063495,18817,100000,3819023048
xzzx,10,11,0.016,0.23049,0.001331778182040888,23049,100000,3364681995
xzzx,10,11,0.017,0.2712,0.001405877331057348,27120,100000,3516385354
xzzx,10,11,0.018000000000000002,0.3112,0.001464079140357899,31120,100000,831738810
xzzx,10,11,0.019,0.34632,0.0015045943970677378,34632,100000,1326769604
xzzx,10,11,0.02,0.37334,0.0015295589732837733,37334,100000,4075267339
xzzx,10,11,0.021,0.40301,0.0015510984110087,40301,100000,2240532885
xzzx,10,11,0.022000000000000002,0.42136,0.001561452445987821,42136,100000,3912847745
xzzx,10,11,0.023000000000000003,0.44402,0.0015711900021934677,44402,100000,2005183363
xzzx,10,11,0.024,0.45703,0.001575281295682962,45703,100000,4177274320
xzzx,10,11,0.025,0.46769,0.0015778263047731556,46769,100000,3790017681
css,30,3,0.001,0.0027775,8.322254264544983e-05,1111,400000,213557767
css,30,3,0.002,0.01004,0.00031530143623229034,1004,100000,664269252
css,30,3,0.003,0.02184,0.00046222383210000814,2184,100000,1049411717
css,30,3,0.004,0.03693,0.0005963888306899159,3693,100000,1909282370
css,30,3,0.005,0.05598,0.000726964116315669,5598,100000,1758881539
css,30,3,0.006,0.07485,0.0008321573920913317,7485,100000,1140536512
css,30,3,0.007,0.09522,0.0009281914054375534,9522,100000,1524630913
css,30,3,0.008,0.11756,0.0010185287015504058,11756,100000,3715635534
css,30,3,0.009000000000000001,0.1397,0.0010962846633418566,13970,100000,1685208952
css,30,3,0.010000000000000002,0.1645,0.00117234594380769,16450,100000,3250282119
css,30,3,0.011,0.18768,0.0012347293973635765,18768,100000,226019376
css,30,3,0.012,0.20605,0.0012790333288508482,20605,100000,643144691
css,30,3,0.013000000000000001,0.22598,0.001322543161268036,22598,100000,3104593600
css,30,3,0.014000000000000002,0.24562,0.0013612112613010374,24562,100000,2998106440
css,30,3,0.015,0.26679,0.0013986124682940915,26679,100000,1762921780
css,30,3,0.016,0.28444,0.0014266475238591259,28444,100000,1111056119
css,30,3,0.017,0.30017,0.0014493663089557574,30017,100000,1528983478
css,30,3,0.018000000000000002,0.31854,0.0014733310115848108,31854,100000,665522457
css,30,3,0.019000000000000003,0.33374,0.001491159499397876,33374,100000,3105286939
css,30,3,0.02,0.34884,0.0015071450209089288,34884,100000,579450128
css,30,5,0.001,0.000676,3.677064916032943e-05,338,500000,2118908039
css,30,5,0.002,0.004656666666666667,0.00012430854824821598,1397,300000,1432791876
css,30,5,0.003,0.01444,0.0003772757840697187,1444,100000,1283299845
css,30,5,0.004,0.02956,0.0005356130378778926,2956,100000,54267074
css,30,5,0.005,0.05197,0.0007019304358866288,5197,100000,438779267
css,30,5,0.006,0.08265,0.0008707465824980137,8265,100000,822767168
css,30,5,0.007,0.11548,0.001010667238477883,11548,100000,672227073
css,30,5,0.008,0.15509,0.001144713812039816,15509,100000,2945008590
css,30,5,0.009000000000000001,0.18779,0.0012350075521932735,18779,100000,3501212088
css,30,5,0.010000000000000002,0.22441,0.0013192769644740088,22441,100000,1970872391
css,30,5,0.011,0.26201,0.0013905372799490334,26201,100000,2139722416
css,30,5,0.012,0.29634,0.0014440253943766579,29634,100000,1420083571
css,30,5,0.013000000000000001,0.32907,0.0014858701809294383,32907,100000,231614464
css,30,5,0.014000000000000002,0.35653,0.00151464276577562,35653,100000,108070792
css,30,5,0.015,0.3813,0.0015359299847798047,38130,100000,468015028
css,30,5,0.016,0.4013,0.0015500193703817944,40130,100000,818414711
css,30,5,0.017,0.42001,0.0015607665677194738,42001,100000,701707574
css,30,5,0.018000000000000002,0.43613,0.0015681779386004235,43613,100000,2473160665
css,30,5,0.019000000000000003,0.44534,0.0015716546827417854,44534,100000,232035803
css,30,5,0.02,0.45837,0.0015756410688529954,45837,100000,3568611542
css,30,7,0.001,0.00014,1.676185181178296e-05,70,500000,1343959303
css,30,7,0.002,0.001776,5.955398778651161e-05,888,500000,2067161796
css,30,7,0.003,0.00822,0.0002019108722158807,1644,200000,1647137669
css,30,7,0.004,0.02209,0.0004648021064479306,2209,100000,762103106
css,30,7,0.005,0.04845,0.0006790005553155426,4845,100000,880276483
css,30,7,0.006,0.08367,0.0008756157701091255,8367,100000,526034880
css,30,7,0.007,0.12894,0.0010597864411954205,12894,100000,104961665
css,30,7,0.008,0.18199,0.001220119512596457,18199,100000,2178517582
css,30,7,0.009000000000000001,0.23285,0.0013365246158827115,23285,100000,169961927
css,30,7,0.010000000000000002,0.28286,0.0014242494985305387,28286,100000,2951219256
css,30,7,0.011,0.33387,0.0014913043790596991,33387,100000,1373199152
css,30,7,0.012,0.37111,0.0015276949963021202,37111,100000,2062813427
css,30,7,0.013000000000000001,0.40448,0.0015520103482376535,40448,100000,3613327487
css,30,7,0.014000000000000002,0.43159,0.0015662620008228267,43159,100000,3705679863
css,30,7,0.015,0.45019,0.0015732657548709894,45019,100000,901094964
css,30,7,0.016,0.46754,0.001577795517479108,46754,100000,513330679
css,30,7,0.017,0.47558,0.00157924404558496,47558,100000,126090422
css,30,7,0.018000000000000002,0.487,0.001580596417194935,48700,100000,1241008038
css,30,7,0.019000000000000003,0.4906,0.001580851485093293,49060,100000,3611671972
css,30,7,0.02,0.49538,0.001581063427101792,49538,100000,812691883
css,30,9,0.001,1e-05,4.582544708025442e-06,5,500000,2611563911
css,30,9,0.002,0.000654,3.616820890557648e-05,327,500000,2961448516
css,30,9,0.003,0.004443333333333333,0.00012144126096659026,1333,300000,2845781765
css,30,9,0.004,0.01628,0.00040021420833814825,1628,100000,3873356226
css,30,9,0.005,0.04138,0.0006298365042452583,4138,100000,4291135619
css,30,9,0.006,0.08372,0.0008758534543733959,8372,100000,3572030272
css,30,9,0.007,0.14333,0.001108090950042523,14333,100000,3455314433
css,30,9,0.008,0.20917,0.0012861458033263662,20917,100000,1248589518
css,30,9,0.009000000000000001,0.27789,0.0014165649810977121,27789,100000,1648736889
css,30,9,0.010000000000000002,0.34284,0.0015009954310487017,34284,100000,3347897222
css,30,9,0.011,0.38794,0.0015409098207556093,38794,100000,2590713776
css,30,9,0.012,0.42869,0.0015649680048671621,42869,100000,2974184563
css,30,9,0.013000000000000001,0.45982,0.0015760174488664846,45982,100000,3208369089
css,30,9,0.014000000000000002,0.47404,0.0015789983910797223,47404,100000,3028614217
css,30,9,0.015,0.48743,0.001580631197607596,48743,100000,4261929652
css,30,9,0.016,0.48935,0.0015807722157016313,48935,100000,3576344951
css,30,9,0.017,0.49644,0.001581090847100397,49644,100000,3425796150
css,30,9,0.018000000000000002,0.49762,0.0015811130122109773,49762,100000,563909656
css,30,9,0.019000000000000003,0.5008,0.0015811289006206763,50080,100000,3206639130
css,30,9,0.02,0.49594,0.001581078798651936,49594,100000,3820993819
css,30,11,0.001,8e-06,4.123081857144726e-06,4,500000,114911587
css,30,11,0.002,0.000206,2.032027254601776e-05,103,500000,770980512
css,30,11,0.003,0.002332,6.822100069305394e-05,1166,500000,888081377
css,30,11,0.004,0.01161,0.00033878427279443284,1161,100000,2075041062
css,30,11,0.005,0.03635,0.0005918654989688077,3635,100000,1656073319
css,30,11,0.006,0.0845,0.0008795493322048958,8450,100000,1234763684
css,30,11,0.007,0.15666,0.0011494237775370175,15666,100000,1350815461
css,30,11,0.008,0.23904,0.0013486984110875344,23904,100000,3608924714
css,30,11,0.009000000000000001,0.32092,0.0014762401397073188,32092,100000,2026660599
css,30,11,0.010000000000000002,0.38888,0.0015415903884443138,38888,100000,3708093192
css,30,11,0.011,0.43646,0.001568311987999893,43646,100000,119210836
css,30,11,0.012,0.46894,0.0015780772975972357,46894,100000,741757079
css,30,11,0.013000000000000001,0.48318,0.0015802360370626989,48318,100000,2779908943
css,30,11,0.014000000000000002,0.49071,0.0015808579874582729,49071,100000,2920096967
css,30,11,0.015,0.49636,0.0015810890256085508,49636,100000,1668793936
css,30,11,0.016,0.49704,0.0015811032180102491,49704,100000,1213896083
css,30,11,0.017,0.49865,0.0015811251612742605,49865,100000,1363256530
css,30,11,0.018000000000000002,0.5,0.0015811309244493366,50000,100000,991251606
css,30,11,0.019000000000000003,0.5005,0.0015811301338915784,50050,100000,2779297428
css,30,11,0.02,0.50077,0.0015811290495618968,50077,100000,1106048670
xzzx,30,3,0.007,0.03867,0.0006097244260199128,3867,100000,2640269541
xzzx,30,3,0.008,0.04883,0.0006815218422861619,4883,100000,449268778
xzzx,30,3,0.009000000000000001,0.05849,0.0007420937844243372,5849,100000,2881984154
xzzx,30,3,0.01,0.07055,0.0008097770434861845,7055,100000,1633236648
xzzx,30,3,0.011,0.0813,0.0008642413792813164,8130,100000,3402079572
xzzx,30,3,0.012,0.09105,0.0009097293129105982,9105,100000,3790261911
xzzx,30,3,0.013000000000000001,0.10968,0.0009881844188882188,10968,100000,1991900962
xzzx,30,3,0.014,0.12045,0.001029282170475293,12045,100000,3081791761
xzzx,30,3,0.015,0.13456,0.001079137513539441,13456,100000,2930464848
xzzx,30,3,0.016,0.14537,0.0011146191203097455,14537,100000,2240154515
xzzx,30,3,0.017,0.16807,0.001182464285475221,16807,100000,2627549906
xzzx,30,3,0.018,0.17842,0.001210726525140593,17842,100000,453322269
xzzx,30,3,0.019,0.19172,0.001244840722051055,19172,100000,35526492
xzzx,30,3,0.02,0.20472,0.0012759661649291987,20472,100000,1249142123
xzzx,30,3,0.021,0.2154,0.0013000075382239296,21540,100000,3363906317
xzzx,30,3,0.022,0.22628,0.0013231642379360475,22628,100000,3819729102
xzzx,30,3,0.023,0.23531,0.0013414100980680965,23531,100000,4206313871
xzzx,30,3,0.024,0.25085,0.0013708501705905901,25085,100000,3052853064
xzzx,30,3,0.025,0.25765,0.0013829864503234757,25765,100000,2901272073
xzzx,30,3,0.026,0.26985,0.0014036721016304488,26985,100000,2277553610
xzzx,30,3,0.027,0.28162,0.0014223523804148819,28162,100000,2665186443
xzzx,30,3,0.028,0.28973,0.0014345205170411268,28973,100000,423860292
xzzx,30,3,0.028999999999999998,0.29698,0.0014449263093841425,29698,100000,520020427
xzzx,30,3,0.03,0.30679,0.0014583145837434586,30679,100000,1399804970
xzzx,30,5,0.007,0.01964,0.00043882098024557864,1964,100000,4021160549
xzzx,30,5,0.008,0.02716,0.0005140457753083812,2716,100000,1748375210
xzzx,30,5,0.009000000000000001,0.03612,0.0005900605837838441,3612,100000,520480858
xzzx,30,5,0.01,0.04804,0.0006762672823710444,4804,100000,2539926382
xzzx,30,5,0.011,0.05951,0.0007481306068835361,5951,100000,3090597844
xzzx,30,5,0.012,0.07461,0.0008309300030914513,7461,100000,2468058135
xzzx,30,5,0.013000000000000001,0.09114,0.0009101337467913306,9114,100000,3262874082
xzzx,30,5,0.014,0.1057,0.0009722557247358321,10570,100000,3309384593
xzzx,30,5,0.015,0.12092,0.0010310127429611071,12092,100000,3696886480
xzzx,30,5,0.016,0.1389,0.0010936493855440155,13890,100000,4151791891
xzzx,30,5,0.017,0.1564,0.0011486466001724982,15640,100000,4000079954
xzzx,30,5,0.018,0.17294,0.0011959573393636735,17294,100000,1777630365
xzzx,30,5,0.019,0.19069,0.0012422831293623093,19069,100000,1894731228
xzzx,30,5,0.02,0.2091,0.0012859874900472967,20910,100000,3158925485
xzzx,30,5,0.021,0.22441,0.0013192769644740088,22441,100000,3127933325
xzzx,30,5,0.022,0.23995,0.0013504549234415741,23995,100000,2438801998
xzzx,30,5,0.023,0.25616,0.0013803649646599858,25616,100000,2286295823
xzzx,30,5,0.024,0.27299,0.001408776031100567,27299,100000,3339161032
xzzx,30,5,0.025,0.28758,0.0014313495242483376,28758,100000,3726425225
xzzx,30,5,0.026,0.30227,0.0014522435369328512,30227,100000,4113690442
xzzx,30,5,0.027,0.31955,0.0014745709503420912,31955,100000,3962232331
xzzx,30,5,0.028,0.33132,0.0014884392049234196,33132,100000,1806877380
xzzx,30,5,0.028999999999999998,0.34253,0.0015006705003217102,34253,100000,2856099595
xzzx,30,5,0.03,0.35313,0.0015113806090276127,35313,100000,2773635564
xzzx,30,7,0.007,0.00924,0.00021396005283653638,1848,200000,3254698981
xzzx,30,7,0.008,0.01494,0.0003836535157989273,1494,100000,1181146922
xzzx,30,7,0.009000000000000001,0.02259,0.0004699122286426112,2259,100000,3314860069
xzzx,30,7,0.01,0.03195,0.0005561571619185496,3195,100000,1939878419
xzzx,30,7,0.011,0.04503,0.0006557738864648305,4503,100000,2523270740
xzzx,30,7,0.012,0.05884,0.0007441723376310494,5884,100000,3175832983
xzzx,30,7,0.013000000000000001,0.07581,0.0008370420695170688,7581,100000,418032029
xzzx,30,7,0.014,0.09471,0.0009259632880163488,9471,100000,3943823889
xzzx,30,7,0.015,0.11403,0.0010051250595678463,11403,100000,4060793680
xzzx,30,7,0.016,0.13518,0.001081233228576145,13518,100000,3643250835
xzzx,30,7,0.017,0.15791,0.0011531447107854809,15791,100000,3225201106
xzzx,30,7,0.018,0.17868,0.0012114166191895814,17868,100000,1201976605
xzzx,30,7,0.019,0.19984,0.0012645286723458882,19984,100000,1589609564
xzzx,30,7,0.02,0.22246,0.0013151828350876638,22246,100000,1485660624
xzzx,30,7,0.021,0.24706,0.0013638919897802637,24706,100000,2485170189
xzzx,30,7,0.022,0.26611,0.001397476518583518,26611,100000,3205358542
xzzx,30,7,0.023,0.29011,0.0014350768933685254,29011,100000,2786513551
xzzx,30,7,0.024,0.30817,0.0014601352234945297,30817,100000,3914810440
xzzx,30,7,0.025,0.32576,0.0014820206800427727,32576,100000,4031542537
xzzx,30,7,0.026,0.3432,0.001501371878457891,34320,100000,3680577226
xzzx,30,7,0.027,0.36114,0.001518933132370226,36114,100000,3262781323
xzzx,30,7,0.028,0.37574,0.0015315262362470827,37574,100000,1172441924
xzzx,30,7,0.028999999999999998,0.39033,0.0015426283793304463,39033,100000,1890432884
xzzx,30,7,0.03,0.40394,0.0015516770313847572,40394,100000,1100370065
xzzx,30,9,0.007,0.0044,0.00012085037751502405,1320,300000,172801893
xzzx,30,9,0.008,0.00832,0.00020312490098881204,1664,200000,2379522986
xzzx,30,9,0.009000000000000001,0.0138,0.0003689415639757006,1380,100000,2918192027
xzzx,30,9,0.01,0.02261,0.00047011536755218325,2261,100000,2691645091
xzzx,30,9,0.011,0.03279,0.0005631756525560846,3279,100000,1574204116
xzzx,30,9,0.012,0.04845,0.0006790005553155426,4845,100000,1996038423
xzzx,30,9,0.013000000000000001,0.06531,0.0007813186480318812,6531,100000,1888385571
xzzx,30,9,0.014,0.08563,0.0008848640411013853,8563,100000,547587729
xzzx,30,9,0.015,0.11041,0.0009910608835325269,11041,100000,968406992
xzzx,30,9,0.016,0.13409,0.001077543733160713,13409,100000,311813139
xzzx,30,9,0.017,0.16055,0.0011609199025621186,16055,100000,193910098
xzzx,30,9,0.018,0.18902,0.0012381069168985182,18902,100000,2350303645
xzzx,30,9,0.019,0.21921,0.0013082662296406977,21921,100000,2500720860
xzzx,30,9,0.02,0.24576,0.001361472787701462,24576,100000,2336386400
xzzx,30,9,0.021,0.27399,0.0014103829321148176,27399,100000,1603456141
xzzx,30,9,0.022,0.30041,0.0014496969636321189,30041,100000,1958715214
xzzx,30,9,0.023,0.32392,0.0014798444299960467,32392,100000,1839509007
xzzx,30,9,0.024,0.34885,0.0015071550499022868,34885,100000,585447624
xzzx,30,9,0.025,0.36765,0.0015247338385770415,36765,100000,1006504329
xzzx,30,9,0.026,0.388,0.001540953441545978,38800,100000,282286666
xzzx,30,9,0.027,0.40358,0.0015514537362052994,40358,100000,164129547
xzzx,30,9,0.028,0.42027,0.001560899594018006,42027,100000,2387638212
xzzx,30,9,0.028999999999999998,0.43192,0.0015664057785942376,43192,100000,415851722
xzzx,30,9,0.03,0.44253,0.001570651983031357,44253,100000,2455329825
xzzx,30,11,0.007,0.00211,6.490053121252027e-05,1055,500000,446420209
xzzx,30,11,0.008,0.004703333333333334,0.00012492683336981416,1411,300000,2634270782
xzzx,30,11,0.009000000000000001,0.00859,0.00020636589744940648,1718,200000,906449930
xzzx,30,11,0.01,0.01615,0.0003986396828116502,1615,100000,2910777401
xzzx,30,11,0.011,0.02617,0.000504847713226713,2617,100000,1292048704
xzzx,30,11,0.012,0.03991,0.0006190228228236672,3991,100000,1714309763
xzzx,30,11,0.013000000000000001,0.05819,0.0007403062054850279,5819,100000,3950591410
xzzx,30,11,0.014,0.08101,0.0008628348099418426,8101,100000,812969221
xzzx,30,11,0.015,0.10564,0.0009720123495847999,10564,100000,695196740
xzzx,30,11,0.016,0.13724,0.0010881420600357128,13724,100000,37916551
xzzx,30,11,0.017,0.16993,0.0011876593535876112,16993,100000,458866374
xzzx,30,11,0.018,0.20327,0.0012725980043691854,20327,100000,2629935625
xzzx,30,11,0.019,0.23831,0.0013472832424459846,23831,100000,2245694280
xzzx,30,11,0.02,0.27218,0.0014074678882606273,27218,100000,2253628410
xzzx,30,11,0.021,0.30498,0.0014559033631034723,30498,100000,1329964825
xzzx,30,11,0.022,0.33457,0.0014920823115984194,33457,100000,1684600026
xzzx,30,11,0.023,0.35929,0.0015172296856611478,35929,100000,2104739227
xzzx,30,11,0.024,0.38422,0.001538157208223978,38422,100000,842158940
xzzx,30,11,0.025,0.40294,0.0015510546245540158,40294,100000,724132381
xzzx,30,11,0.026,0.42085,0.00156119474383426,42085,100000,274910
xzzx,30,11,0.027,0.43766,0.0015687934923033775,43766,100000,421462175
xzzx,30,11,0.028,0.45053,0.001573373026557523,45053,100000,2659654736
xzzx,30,11,0.028999999999999998,0.46076,0.0015762542726986961,46076,100000,2201887579
xzzx,30,11,0.03,0.46875,0.001578039787381691,46875,100000,2672333499
css,100,3,0.001,0.0029,8.503235470953439e-05,1160,400000,542295781
css,100,3,0.002,0.011,0.00032986788830173183,1100,100000,192910630
css,100,3,0.003,0.023,0.0004740574916267219,2300,100000,308585575
css,100,3,0.004,0.03797,0.000604400930636087,3797,100000,1562718880
css,100,3,0.005,0.05472,0.000719216150062596,5472,100000,1144914913
css,100,3,0.006,0.075,0.0008329232405859116,7500,100000,1863536674
css,100,3,0.007,0.0973,0.0009371950347827895,9730,100000,1980260707
css,100,3,0.008,0.11917,0.0010245433700496465,11917,100000,4052778412
css,100,3,0.009000000000000001,0.13908,0.0010942433863215806,13908,100000,3164439006
css,100,3,0.010000000000000002,0.16483,0.001173289469269534,16483,100000,424992801
css,100,3,0.011,0.18595,0.0012303335728308107,18595,100000,563129554
css,100,3,0.012,0.20663,0.0012803642623031852,20663,100000,180223761
css,100,3,0.013000000000000001,0.22798,0.0013266653666257067,22798,100000,1642326118
css,100,3,0.014000000000000002,0.24852,0.0013665890913139855,24852,100000,1784465390
css,100,3,0.015,0.26773,0.0014001757964479666,26773,100000,1174170070
css,100,3,0.016,0.28625,0.0014293682216019454,28625,100000,1859205653
css,100,3,0.017,0.30285,0.0014530318471244752,30285,100000,2009729876
css,100,3,0.018000000000000002,0.32041,0.0014756204693845976,32041,100000,4282691519
css,100,3,0.019000000000000003,0.33821,0.0014960682452255791,33821,100000,1643730365
css,100,3,0.02,0.34946,0.0015077654382033012,34946,100000,326360238
css,100,5,0.001,0.000654,3.616820890557648e-05,327,500000,3449336991
css,100,5,0.002,0.004863333333333333,0.00012702338873371837,1459,300000,3870680924
css,100,5,0.003,0.01459,0.0003792010589604919,1459,100000,4289648157
css,100,5,0.004,0.03127,0.0005504005924356018,3127,100000,2968469722
css,100,5,0.005,0.05352,0.0007117379886798572,5352,100000,2851369371
css,100,5,0.006,0.08282,0.0008715608318174695,8282,100000,2195268184
css,100,5,0.007,0.11718,0.0010171001848593014,11718,100000,2613187353
css,100,5,0.008,0.15451,0.0011429634602908023,15451,100000,475664342
css,100,5,0.009000000000000001,0.19007,0.001240736943224796,19007,100000,659390736
css,100,5,0.010000000000000002,0.22952,0.0013298102601185524,22952,100000,2189746415
css,100,5,0.011,0.26376,0.0013935181326233392,26376,100000,3428507304
css,100,5,0.012,0.29944,0.00144835765920992,29944,100000,3883371883
css,100,5,0.013000000000000001,0.32646,0.0014828417674809247,32646,100000,4197705896
css,100,5,0.014000000000000002,0.35834,0.0015163454282256517,35834,100000,4052535072
css,100,5,0.015,0.38047,0.001535286178108608,38047,100000,2822118316
css,100,5,0.016,0.40284,0.0015509920155290513,40284,100000,2199603311
css,100,5,0.017,0.42084,0.001561189673772001,42084,100000,2583722286
css,100,5,0.018000000000000002,0.43774,0.0015688252609835085,43774,100000,1687465841
css,100,5,0.019000000000000003,0.4512,0.0015735822433323166,45120,100000,4197012851
css,100,5,0.02,0.45823,0.0015756040175727293,45823,100000,1635943982
css,100,7,0.001,0.00012,1.5523216036572183e-05,60,500000,537814902
css,100,7,0.002,0.001826,6.03847403134101e-05,913,500000,186856629
css,100,7,0.003,0.008415,0.00020427131860895412,1683,200000,305661428
css,100,7,0.004,0.02331,0.0004771654694542826,2331,100000,1568248627
css,100,7,0.005,0.04972,0.0006873825470998171,4972,100000,1147314802
css,100,7,0.006,0.08605,0.0008868276301832456,8605,100000,1867510193
css,100,7,0.007,0.12864,0.0010587351347179363,12864,100000,1985265904
css,100,7,0.008,0.18088,0.0012172179851856202,18088,100000,4056734783
css,100,7,0.009000000000000001,0.23606,0.001342887075262006,23606,100000,3878517909
css,100,7,0.010000000000000002,0.28992,0.0014347988579723747,28992,100000,1122245994
css,100,7,0.011,0.33679,0.0014945251040617835,33679,100000,567020865
css,100,7,0.012,0.37346,0.0015296582908206346,37346,100000,182541954
css,100,7,0.013000000000000001,0.4055,0.0015526346274230551,40550,100000,978523437
css,100,7,0.014000000000000002,0.43233,0.0015665834248714816,43233,100000,837565093
css,100,7,0.015,0.455,0.0015747143884666803,45500,100000,1168164933
css,100,7,0.016,0.46722,0.001577729359285851,46722,100000,1854774150
css,100,7,0.017,0.47771,0.00157955900764023,47771,100000,2006362823
css,100,7,0.018000000000000002,0.48447,0.0015803680708890155,48447,100000,2767475444
css,100,7,0.019000000000000003,0.48917,0.0015807599864329225,48917,100000,977905910
css,100,7,0.02,0.49487,0.001581047702162497,49487,100000,1339183022
css,100,9,0.001,2e-05,6.4030489615254395e-06,10,500000,3447543338
css,100,9,0.002,0.000644,3.5891020817655026e-05,322,500000,3864004073
css,100,9,0.003,0.004716666666666667,0.00012510291435487587,1415,300000,4283118760
css,100,9,0.004,0.01615,0.0003986396828116502,1615,100000,2953486959
css,100,9,0.005,0.0432,0.0006429263821558506,4320,100000,2836501294
css,100,9,0.006,0.08707,0.0008915701054743042,8707,100000,2185019629
css,100,9,0.007,0.14444,0.0011116524404927441,14444,100000,2603086252
css,100,9,0.008,0.21366,0.001296181099277094,21366,100000,482340195
css,100,9,0.009000000000000001,0.28066,0.0014208744723278044,28066,100000,3416032973
css,100,9,0.010000000000000002,0.34264,0.0015007858796675655,34264,100000,1851123506
css,100,9,0.011,0.39202,0.0015438201087403791,39202,100000,3435084829
css,100,9,0.012,0.43232,0.0015665791050415434,43232,100000,3885133790
css,100,9,0.013000000000000001,0.4591,0.001575832235616137,45910,100000,383971189
css,100,9,0.014000000000000002,0.4781,0.0015796135591246707,47810,100000,492683517
css,100,9,0.015,0.48474,0.001580394371928362,48474,100000,2832464153
css,100,9,0.016,0.49161,0.0015809083127519274,49161,100000,2214505178
css,100,9,0.017,0.49802,0.001581118527193337,49802,100000,2598738843
css,100,9,0.018000000000000002,0.50175,0.001581121240089578,50175,100000,2286266540
css,100,9,0.019000000000000003,0.50033,0.0015811305800824405,50033,100000,385372846
css,100,9,0.02,0.49831,0.0015811218927777593,49831,100000,2220897070
css,100,11,0.001,2e-06,2.236061716521259e-06,1,500000,1787232367
css,100,11,0.002,0.00021,2.0516094081424256e-05,105,500000,1101681580
css,100,11,0.003,0.002458,7.003496878269433e-05,1229,500000,1488020205
css,100,11,0.004,0.01175,0.00034079620324666514,1175,100000,401667114
css,100,11,0.005,0.03797,0.000604400930636087,3797,100000,250332523
css,100,11,0.006,0.08747,0.0008934198491972467,8747,100000,633771688
css,100,11,0.007,0.1582,0.0011540043177334924,15820,100000,1021159401
css,100,11,0.008,0.24388,0.0013579446143138774,24388,100000,3141909286
css,100,11,0.009000000000000001,0.32518,0.0014813374998847717,32518,100000,3246825778
css,100,11,0.010000000000000002,0.39378,0.0015450405731740058,39378,100000,1682948301
css,100,11,0.011,0.44078,0.0015700017890566964,44078,100000,1799711320
css,100,11,0.012,0.46939,0.0015781652215917097,46939,100000,1080572315
css,100,11,0.013000000000000001,0.48792,0.0015806694042192482,48792,100000,486066314
css,100,11,0.014000000000000002,0.49388,0.001581012480577182,49388,100000,390588162
css,100,11,0.015,0.49754,0.0015811117877810865,49754,100000,254390108
css,100,11,0.016,0.49666,0.0015810956474802684,49666,100000,604306591
css,100,11,0.017,0.4997,0.0015811306398486047,49970,100000,1025494494
css,100,11,0.018000000000000002,0.49755,0.001581111943048441,49755,100000,2187300691
css,100,11,0.019000000000000003,0.50137,0.001581124989248256,50137,100000,484603217
css,100,11,0.02,0.49933,0.0015811295049235619,49933,100000,420485066
xzzx,100,3,0.007,0.03583,0.0005877756386253388,3583,100000,1007713143
xzzx,100,3,0.008,0.04539,0.0006582657614371407,4539,100000,3146278840
xzzx,100,3,0.009000000000000001,0.05504,0.0007211938584987809,5504,100000,4065769251
xzzx,100,3,0.01,0.06448,0.0007766828382390345,6448,100000,4292991497
xzzx,100,3,0.011,0.07754,0.0008457459300551806,7754,100000,1804121798
xzzx,100,3,0.012,0.08782,0.0008950337726649216,8782,100000,1084613893
xzzx,100,3,0.013000000000000001,0.10471,0.0009682274575832234,10471,100000,791207579
xzzx,100,3,0.014,0.11386,0.0010044719133069924,11386,100000,385827459
xzzx,100,3,0.015,0.1269,0.00105259999076307,12690,100000,266630082
xzzx,100,3,0.016,0.13739,0.0010886418952336663,13739,100000,617160705
xzzx,100,3,0.017,0.162,0.0011651428447650714,16200,100000,1037177152
xzzx,100,3,0.018,0.17509,0.0012018032418973368,17509,100000,3125415311
xzzx,100,3,0.019,0.18554,0.0012292859150627444,18554,100000,2740010190
xzzx,100,3,0.02,0.19596,0.0012552251877798737,19596,100000,3570174410
xzzx,100,3,0.021,0.20956,0.001287026781025019,20956,100000,1775110303
xzzx,100,3,0.022,0.22159,0.0013133427661669583,22159,100000,1122196316
xzzx,100,3,0.023,0.22991,0.0013306026862864584,22991,100000,1543006749
xzzx,100,3,0.024,0.24056,0.001351627658000093,24056,100000,347733210
xzzx,100,3,0.025,0.25331,0.0013752918273074455,25331,100000,228773275
xzzx,100,3,0.026,0.26786,0.0014003913673985013,26786,100000,646946392
xzzx,100,3,0.027,0.26989,0.0014037376782054523,26989,100000,1066708761
xzzx,100,3,0.028,0.28479,0.0014271758203458496,28479,100000,3087840214
xzzx,100,3,0.028999999999999998,0.29331,0.0014397138546506372,29331,100000,1198506098
xzzx,100,3,0.03,0.30297,0.0014531946033817245,30297,100000,3453466763
xzzx,100,5,0.007,0.01549,0.0003905413531673403,1549,100000,3520727309
xzzx,100,5,0.008,0.02292,0.0004732517898882911,2292,100000,1447171522
xzzx,100,5,0.009000000000000001,0.03155,0.0005527792178367155,3155,100000,1770436589
xzzx,100,5,0.01,0.04083,0.0006258164891046539,4083,100000,2366668937
xzzx,100,5,0.011,0.05087,0.0006948652921223153,5087,100000,2252522684
xzzx,100,5,0.012,0.06293,0.0007679266610255801,6293,100000,2909771647
xzzx,100,5,0.013000000000000001,0.07771,0.0008465944864478187,7771,100000,3036208725
xzzx,100,5,0.014,0.09289,0.0009179447839947757,9289,100000,4214567161
xzzx,100,5,0.015,0.10778,0.0009806326953014505,10778,100000,3794665912
xzzx,100,5,0.016,0.12294,0.0010383934700643055,12294,100000,3372438139
xzzx,100,5,0.017,0.139,0.0010939794623570642,13900,100000,3491259194
xzzx,100,5,0.018,0.15697,0.0011503489578441606,15697,100000,1468039157
xzzx,100,5,0.019,0.17466,0.0012006394184581881,17466,100000,1318801076
xzzx,100,5,0.02,0.19087,0.0012427310824288107,19087,100000,2789069642
xzzx,100,5,0.021,0.20556,0.0012779057879877542,20556,100000,2214886117
xzzx,100,5,0.022,0.22221,0.0013146549328532375,22221,100000,2938710310
xzzx,100,5,0.023,0.23799,0.0013466611782078086,23799,100000,3056736359
xzzx,100,5,0.024,0.25416,0.0013768129980247235,25416,100000,4185099936
xzzx,100,5,0.025,0.2695,0.001403097689450239,26950,100000,3764961249
xzzx,100,5,0.026,0.28444,0.0014266475238591259,28444,100000,3410357282
xzzx,100,5,0.027,0.29909,0.0014478725054695163,29909,100000,3529432419
xzzx,100,5,0.028,0.31282,0.0014661577280140614,31282,100000,1439089068
xzzx,100,5,0.028999999999999998,0.32563,0.0014818677782238998,32563,100000,3703554236
xzzx,100,5,0.03,0.3353,0.0014928896561322569,33530,100000,3206996491
xzzx,100,7,0.007,0.006865,0.0001846490398606732,1373,200000,1011669732
xzzx,100,7,0.008,0.01148,0.0003369047727357563,1148,100000,3151283755
xzzx,100,7,0.009000000000000001,0.01694,0.00040810786924866393,1694,100000,2850441832
xzzx,100,7,0.01,0.02426,0.00048655399420880277,2426,100000,2738899209
xzzx,100,7,0.011,0.03391,0.0005723806133823076,3391,100000,1809061717
xzzx,100,7,0.012,0.04528,0.0006575055662771043,4528,100000,1090077846
xzzx,100,7,0.013000000000000001,0.05881,0.0007439944679829835,5881,100000,1956127696
xzzx,100,7,0.014,0.07527,0.000834299316686396,7527,100000,379839248
xzzx,100,7,0.015,0.09203,0.0009141187442859161,9203,100000,263770705
xzzx,100,7,0.016,0.10957,0.000987749785071948,10957,100000,613777810
xzzx,100,7,0.017,0.12971,0.0010624761558620799,12971,100000,1032761555
xzzx,100,7,0.018,0.14998,0.0011290967623204529,14998,100000,3122048028
xzzx,100,7,0.019,0.16974,0.001187131053530438,16974,100000,2735578461
xzzx,100,7,0.02,0.19133,0.001243873935090678,19133,100000,2288851658
xzzx,100,7,0.021,0.21298,0.0012946762808126733,21298,100000,1771219212
xzzx,100,7,0.022,0.23518,0.0013411534967952277,23518,100000,1119877839
xzzx,100,7,0.023,0.25431,0.0013770807208671743,25431,100000,1537526670
xzzx,100,7,0.024,0.27434,0.0014109432407380385,27434,100000,350575945
xzzx,100,7,0.025,0.29376,0.0014403590285446133,29376,100000,234777608
xzzx,100,7,0.026,0.31338,0.0014668714059352106,31338,100000,651378635
xzzx,100,7,0.027,0.32933,0.0014861690135419825,32933,100000,1070075530
xzzx,100,7,0.028,0.34741,0.0015057033492430483,34741,100000,3092255301
xzzx,100,7,0.028999999999999998,0.36001,0.0015178955559033702,36001,100000,484392249
xzzx,100,7,0.03,0.37474,0.0015307114235598163,37474,100000,2440440715
xzzx,100,9,0.007,0.0029325,8.550600594662379e-05,1173,400000,3510627256
xzzx,100,9,0.008,0.00544,0.0001644931956623413,1088,200000,1453848439
xzzx,100,9,0.009000000000000001,0.00919,0.00021338583402775307,1838,200000,2237116464
xzzx,100,9,0.01,0.01463,0.00037971271686715324,1463,100000,1760703881
xzzx,100,9,0.011,0.0221,0.00046490491204851866,2210,100000,2259101193
xzzx,100,9,0.012,0.03255,0.0005611806095144195,3255,100000,2911532490
xzzx,100,9,0.013000000000000001,0.0456,0.0006597141013367572,4560,100000,1479137672
xzzx,100,9,0.014,0.06051,0.0007539887459124123,6051,100000,4224766540
xzzx,100,9,0.015,0.07858,0.0008509185358660937,7858,100000,3805012749
xzzx,100,9,0.016,0.09876,0.0009434361782730966,9876,100000,3387338958
xzzx,100,9,0.017,0.12122,0.001032114727478134,12122,100000,3506274703
xzzx,100,9,0.018,0.14524,0.0011142053647348604,14524,100000,1466277184
xzzx,100,9,0.019,0.16951,0.0011864908106050953,16951,100000,1316924417
xzzx,100,9,0.02,0.1977,0.0012594206513448225,19770,100000,1138714186
xzzx,100,9,0.021,0.22015,0.0013102787635536073,22015,100000,2229377104
xzzx,100,9,0.022,0.24621,0.0013623120938058286,24621,100000,2949434259
xzzx,100,9,0.023,0.27464,0.0014114226374560834,27464,100000,3067607762
xzzx,100,9,0.024,0.30019,0.00144939388157167,30019,100000,4187384853
xzzx,100,9,0.025,0.31537,0.0014693874399882012,31537,100000,3767360852
xzzx,100,9,0.026,0.33965,0.001497617747490132,33965,100000,3416264343
xzzx,100,9,0.027,0.36102,0.001518823379883294,36102,100000,3535486934
xzzx,100,9,0.028,0.37803,0.0015333659597570048,37803,100000,1428366105
xzzx,100,9,0.028999999999999998,0.39605,0.00154658369845867,39605,100000,812566369
xzzx,100,9,0.03,0.40855,0.001554459921595086,40855,100000,1522816779
xzzx,100,11,0.007,0.001152,4.798266960731189e-05,576,500000,642608014
xzzx,100,11,0.008,0.0025425,7.96342892618201e-05,1017,400000,2715121473
xzzx,100,11,0.009000000000000001,0.005065,0.00015875366719260865,1013,200000,46458021
xzzx,100,11,0.01,0.00893,0.0002103736745129106,1786,200000,2015714845
xzzx,100,11,0.011,0.01543,0.00038979624441823867,1543,100000,1909827135
xzzx,100,11,0.012,0.02388,0.00048282273519462127,2388,100000,1526265340
xzzx,100,11,0.013000000000000001,0.03622,0.0005908461170071391,3622,100000,3753544989
xzzx,100,11,0.014,0.04996,0.0006889524590584714,4996,100000,211964538
xzzx,100,11,0.015,0.07034,0.000808662330790369,7034,100000,364471099
xzzx,100,11,0.016,0.09054,0.0009074324301265313,9054,100000,1049899256
xzzx,100,11,0.017,0.11538,0.0010102866634352226,11538,100000,663683513
xzzx,100,11,0.018,0.14168,0.0011027549385558555,14168,100000,2685869430
xzzx,100,11,0.019,0.17276,0.0011954648640308263,17276,100000,3104582711
xzzx,100,11,0.02,0.20355,0.0012732503883788326,20355,100000,1393036766
xzzx,100,11,0.021,0.23346,0.0013377419380251054,23346,100000,1939019878
xzzx,100,11,0.022,0.26328,0.0013927033508085995,26328,100000,1488866213
xzzx,100,11,0.023,0.29418,0.0014409596623422005,29418,100000,1101363940
xzzx,100,11,0.024,0.32253,0.001478183104448083,32253,100000,249883683
xzzx,100,11,0.025,0.3449,0.0015031366243225541,34490,100000,402644322
xzzx,100,11,0.026,0.37183,0.0015283006238009933,37183,100000,1020432033
xzzx,100,11,0.027,0.38839,0.0015412363772540072,38839,100000,633978848
xzzx,100,11,0.028,0.40728,0.0015537074163509135,40728,100000,2723259183
xzzx,100,11,0.028999999999999998,0.4232,0.0015623680039863475,42320,100000,3086849012
xzzx,100,11,0.03,0.43612,0.0015681738654781396,43612,100000,1242774687
css,inf,3,0.001,0.0027925,8.34462853751966e-05,1117,400000,3052735723
css,inf,3,0.002,0.01063,0.0003243345913265163,1063,100000,2664980264
css,inf,3,0.003,0.02327,0.00047676569178871364,2327,100000,2277731945
css,inf,3,0.004,0.03743,0.0006002563992237586,3743,100000,3364026542
css,inf,3,0.005,0.0554,0.0007234106257783326,5540,100000,3516516847
css,inf,3,0.006,0.07548,0.0008353674276361522,7548,100000,4206139948
css,inf,3,0.007,0.09556,0.0009296722960818044,9556,100000,3819940717
css,inf,3,0.008,0.1167,0.0010152908369463615,11670,100000,1681373090
css,inf,3,0.009000000000000001,0.14585,0.0011161441928882743,14585,100000,3674785429
css,inf,3,0.010000000000000002,0.16438,0.0011720024249415872,16438,100000,2126620522
css,inf,3,0.011,0.18629,0.0012312006504821005,18629,100000,3023529692
css,inf,3,0.012,0.20728,0.0012818510650589032,20728,100000,2669294879
css,inf,3,0.013000000000000001,0.22782,0.0013263371714681838,22782,100000,108441389
css,inf,3,0.014000000000000002,0.24951,0.0013684060611199311,24951,100000,231309477
css,inf,3,0.015,0.26759,0.0013999434709907055,26759,100000,3495666648
css,inf,3,0.016,0.28636,0.001429532662279187,28636,100000,4218875931
css,inf,3,0.017,0.30512,0.001456090811652544,30512,100000,3798843738
css,inf,3,0.018000000000000002,0.32349,0.0014793320892593775,32349,100000,2563893492
css,inf,3,0.019000000000000003,0.33728,0.0014950593004059431,33728,100000,107746038
css,inf,3,0.02,0.35112,0.0015094127630421172,35112,100000,200495206
css,inf,5,0.001,0.00066,3.633350409058616e-05,330,500000,1480556177
css,inf,5,0.002,0.004783333333333333,0.00012597955716621076,1435,300000,1930571090
css,inf,5,0.003,0.01435,0.00037611560154683643,1435,100000,1778981907
css,inf,5,0.004,0.03094,0.0005475821098672555,3094,100000,625511124
css,inf,5,0.005,0.05523,0.0007223648902923846,5523,100000,1012120469
css,inf,5,0.006,0.08414,0.000877846337145119,8414,100000,394192982
css,inf,5,0.007,0.11662,0.001014988744693232,11662,100000,241555735
css,inf,5,0.008,0.1512,0.001132865805015315,15120,100000,2315109848
css,inf,5,0.009000000000000001,0.19316,0.0012483933571293404,19316,100000,1087948379
css,inf,5,0.010000000000000002,0.22862,0.0013279754084507545,22862,100000,3843139492
css,inf,5,0.011,0.26476,0.0013952087627503995,26476,100000,1509758118
css,inf,5,0.012,0.2984,0.001446913103347991,29840,100000,1926252389
css,inf,5,0.013000000000000001,0.33145,0.0014885864627173229,33145,100000,2644946915
css,inf,5,0.014000000000000002,0.36013,0.0015180061738723771,36013,100000,2518253675
css,inf,5,0.015,0.3794,0.0015344491875192157,37940,100000,1032966562
css,inf,5,0.016,0.40401,0.00155172034917328,40401,100000,381452897
css,inf,5,0.017,0.42108,0.0015613111739510854,42108,100000,262648608
css,inf,5,0.018000000000000002,0.43615,0.0015681860829003247,43615,100000,50456634
css,inf,5,0.019000000000000003,0.44788,0.0015725172811580368,44788,100000,2646348344
css,inf,5,0.02,0.45937,0.0015759020786217937,45937,100000,2030176998
css,inf,7,0.001,0.000126,1.5904943763812667e-05,63,500000,3047796088
css,inf,7,0.002,0.00185,6.0779439150294426e-05,925,500000,2659516091
css,inf,7,0.003,0.008385,0.00020391001221379407,1677,200000,2275397626
css,inf,7,0.004,0.02332,0.00047726535630905967,2332,100000,3370015037
css,inf,7,0.005,0.04951,0.0006860052382374332,4951,100000,3519375484
css,inf,7,0.006,0.08549,0.0008842080990595913,8549,100000,4209523647
css,inf,7,0.007,0.13176,0.0010695770865079002,13176,100000,3824356094
css,inf,7,0.008,0.18394,0.0012251758007465752,18394,100000,1684739633
css,inf,7,0.009000000000000001,0.24008,0.0013507051668401326,24008,100000,2159557598
css,inf,7,0.010000000000000002,0.29073,0.0014359820437265802,29073,100000,628185633
css,inf,7,0.011,0.33666,0.001494383076778183,33666,100000,3026962255
css,inf,7,0.012,0.37608,0.0015318016867196804,37608,100000,2672202892
css,inf,7,0.013000000000000001,0.40792,0.0015540879743340952,40792,100000,1573278310
css,inf,7,0.014000000000000002,0.43369,0.0015671648664515314,43369,100000,1450802670
css,inf,7,0.015,0.45501,0.0015747172457504788,45501,100000,3490120267
css,inf,7,0.016,0.4662,0.001577514129488089,46620,100000,4213854600
css,inf,7,0.017,0.47535,0.0015792083132926682,47535,100000,3794886857
css,inf,7,0.018000000000000002,0.48693,0.001580590644478963,48693,100000,3277919679
css,inf,7,0.019000000000000003,0.48822,0.0015806920459100482,48822,100000,1574760381
css,inf,7,0.02,0.49524,0.001581059274278318,49524,100000,1465041766
css,inf,9,0.001,3.4e-05,8.306468082769957e-06,17,500000,1490721828
css,inf,9,0.002,0.000636,3.5667715363494105e-05,318,500000,1945620455
css,inf,9,0.003,0.0044666666666666665,0.0001217582199649677,1340,300000,1793916582
css,inf,9,0.004,0.01666,0.00040477915838179473,1666,100000,632121441
css,inf,9,0.005,0.0432,0.0006429263821558506,4320,100000,1018583328
css,inf,9,0.006,0.08613,0.000887200928996093,8613,100000,396036835
css,inf,9,0.007,0.1473,0.0011207260946970166,14730,100000,243284898
css,inf,9,0.008,0.2144,0.0012978126650165234,21440,100000,2300061549
css,inf,9,0.009000000000000001,0.27986,0.0014196367480551197,27986,100000,2886320518
css,inf,9,0.010000000000000002,0.34245,0.0015005865318521439,34245,100000,163618937
css,inf,9,0.011,0.39527,0.0015460573937896571,39527,100000,1494808083
css,inf,9,0.012,0.43101,0.001566007583365947,43101,100000,1916118480
css,inf,9,0.013000000000000001,0.45876,0.001575743622672321,45876,100000,1903667262
css,inf,9,0.014000000000000002,0.47443,0.0015790620260183186,47443,100000,2059962294
css,inf,9,0.015,0.48995,0.0015808114990251698,48995,100000,1031025431
css,inf,9,0.016,0.49321,0.001580985125948564,49321,100000,374956244
css,inf,9,0.017,0.49539,0.001581063718988085,49539,100000,256004501
css,inf,9,0.018000000000000002,0.49587,0.0015810769856845486,49587,100000,4023447527
css,inf,9,0.019000000000000003,0.49929,0.001581129330368275,49929,100000,1902974437
css,inf,9,0.02,0.49923,0.0015811290495619246,49923,100000,2631974886
css,inf,11,0.001,4e-06,2.999988666684592e-06,2,500000,4280339041
css,inf,11,0.002,0.000266,2.308368160784674e-05,133,500000,3557661090
css,inf,11,0.003,0.002482,7.037513439661766e-05,1241,500000,3440814307
css,inf,11,0.004,0.0117,0.00034007908920234524,1170,100000,2186755620
css,inf,11,0.005,0.03771,0.0006024095791217904,3771,100000,2605453157
css,inf,11,0.006,0.0866,0.0008893894420608506,8660,100000,2959170726
css,inf,11,0.007,0.16053,0.0011608614210492363,16053,100000,2843373031
css,inf,11,0.008,0.24574,0.0013614354386769778,24574,100000,786592040
css,inf,11,0.009000000000000001,0.32728,0.0014837988349504228,32728,100000,2786322041
css,inf,11,0.010000000000000002,0.39238,0.0015440714596896554,39238,100000,64653190
css,inf,11,0.011,0.44226,0.0015705529570891885,44226,100000,4276265046
css,inf,11,0.012,0.47339,0.001578890186449411,47339,100000,3587175317
css,inf,11,0.013000000000000001,0.48447,0.0015803680708890155,48447,100000,2070777793
css,inf,11,0.014000000000000002,0.49054,0.0015808479060769876,49054,100000,1892851785
css,inf,11,0.015,0.49676,0.0015810977282728067,49676,100000,2593023314
css,inf,11,0.016,0.49729,0.0015811077005437602,49729,100000,2980263569
css,inf,11,0.017,0.50027,0.0015811306939227388,50027,100000,2830632912
css,inf,11,0.018000000000000002,0.50072,0.0015811292851483083,50072,100000,3855271960
css,inf,11,0.019000000000000003,0.49905,0.0015811280705339548,49905,100000,2071409178
css,inf,11,0.02,0.50016,0.0015811308434962312,50016,100000,26254082
xzzx,inf,3,0.012,0.08596,0.0008864073948022105,8596,100000,3573690123
xzzx,inf,3,0.013000000000000001,0.10141,0.0009546030031227642,10141,100000,1220385232
xzzx,inf,3,0.014000000000000002,0.11286,0.0010006154002793893,11286,100000,1124251224
xzzx,inf,3,0.015000000000000003,0.12527,0.0010467938456751244,12527,100000,3720301658
xzzx,inf,3,0.016000000000000004,0.13808,0.001090935531126519,13808,100000,3244589337
xzzx,inf,3,0.017000000000000005,0.1592,0.001156958006510861,15920,100000,1608088347
xzzx,inf,3,0.018000000000000006,0.17303,0.001196203399428969,17303,100000,2994084621
xzzx,inf,3,0.019000000000000006,0.18172,0.001219415301026594,18172,100000,902877262
xzzx,inf,3,0.020000000000000007,0.19586,0.001254982909923652,19586,100000,2818291888
xzzx,inf,3,0.021000000000000008,0.2061,0.0012791482226203743,20610,100000,2814734140
xzzx,inf,3,0.02200000000000001,0.21768,0.0013049693930998474,21768,100000,4148201642
xzzx,inf,3,0.02300000000000001,0.2298,0.0013303793450136492,22980,100000,1495800123
xzzx,inf,3,0.02400000000000001,0.2411,0.0013526626726168278,24110,100000,2765218126
xzzx,inf,3,0.025000000000000012,0.2511,0.001371304229668302,25110,100000,803261006
xzzx,inf,3,0.026000000000000013,0.2622,0.0013908622900374867,26220,100000,1700896907
xzzx,inf,3,0.027000000000000014,0.27157,0.0014064788612511703,27157,100000,2911304975
xzzx,inf,3,0.028000000000000014,0.28322,0.0014247977803262812,28322,100000,1795477210
xzzx,inf,3,0.029000000000000015,0.29013,0.0014351061424860423,29013,100000,4122555608
xzzx,inf,3,0.030000000000000016,0.30086,0.0014503156675286233,30086,100000,1349539111
xzzx,inf,3,0.031000000000000017,0.31088,0.0014636660853546979,31088,100000,3469586213
xzzx,inf,3,0.032000000000000015,0.31822,0.0014729364972545511,31822,100000,2942408227
xzzx,inf,3,0.033000000000000015,0.32502,0.0014811485812565306,32502,100000,684154208
xzzx,inf,3,0.034000000000000016,0.33271,0.0014900070994310344,33271,100000,595096296
xzzx,inf,3,0.03500000000000002,0.34025,0.0014982588158212184,34025,100000,2788354143
xzzx,inf,5,0.012,0.05819,0.0007403062054850279,5819,100000,952655217
xzzx,inf,5,0.013000000000000001,0.07319,0.0008236162164860089,7319,100000,3547175198
xzzx,inf,5,0.014000000000000002,0.08597,0.0008864541019725225,8597,100000,3637687958
xzzx,inf,5,0.015000000000000003,0.0992,0.0009453045688539163,9920,100000,1181699220
xzzx,inf,5,0.016000000000000004,0.11519,0.0010095629027222497,11519,100000,1521779159
xzzx,inf,5,0.017000000000000005,0.13105,0.0010671275461078267,13105,100000,3288955861
xzzx,inf,5,0.018000000000000006,0.14858,0.00112473976327096,14858,100000,698751939
xzzx,inf,5,0.019000000000000006,0.16455,0.0011724890107173425,16455,100000,2919288960
xzzx,inf,5,0.020000000000000007,0.18039,0.0012159317041075812,18039,100000,1009498238
xzzx,inf,5,0.021000000000000008,0.19732,0.0012585076475777335,19732,100000,1008037874
xzzx,inf,5,0.02200000000000001,0.21302,0.0012947649468173783,21302,100000,1132656234
xzzx,inf,5,0.02300000000000001,0.22902,0.001328791963424586,22902,100000,3991562235
xzzx,inf,5,0.02400000000000001,0.24182,0.0013540381115140498,24182,100000,269721486
xzzx,inf,5,0.025000000000000012,0.26085,0.0013885457189530825,26085,100000,3023096448
xzzx,inf,5,0.026000000000000013,0.27482,0.0014117098913389858,27482,100000,4273053765
xzzx,inf,5,0.027000000000000014,0.28865,0.001432932555593791,28865,100000,911670721
xzzx,inf,5,0.028000000000000014,0.30085,0.0014503019365895709,30085,100000,4040478228
xzzx,inf,5,0.029000000000000015,0.31761,0.0014721822347700808,31761,100000,1852388374
xzzx,inf,5,0.030000000000000016,0.3274,0.00148393846176742,32740,100000,3416282601
xzzx,inf,5,0.031000000000000017,0.33868,0.0014965756850224277,33868,100000,1428008939
xzzx,inf,5,0.032000000000000015,0.35206,0.0015103366980355748,35206,100000,884053741
xzzx,inf,5,0.033000000000000015,0.36251,0.0015201788644410574,36251,100000,3004652974
xzzx,inf,5,0.034000000000000016,0.37438,0.0015304163852623565,37438,100000,3098047014
xzzx,inf,5,0.03500000000000002,0.38127,0.0015359067974881624,38127,100000,317757087
xzzx,inf,7,0.012,0.0368,0.0005953784598508247,3680,100000,3579743896
xzzx,inf,7,0.013000000000000001,0.05037,0.0006916242217207894,5037,100000,319644827
xzzx,inf,7,0.014000000000000002,0.06412,0.0007746607347445117,6412,100000,414337811
xzzx,inf,7,0.015000000000000003,0.07912,0.0008535869514662564,7912,100000,2249175313
xzzx,inf,7,0.016000000000000004,0.09369,0.0009214824232278984,9369,100000,2597616722
xzzx,inf,7,0.017000000000000005,0.11298,0.0010010794936950451,11298,100000,74024528
xzzx,inf,7,0.018000000000000006,0.13231,0.0010714675347539282,13231,100000,3922126406
xzzx,inf,7,0.019000000000000006,0.15153,0.0011338808919608423,15153,100000,1851796741
xzzx,inf,7,0.020000000000000007,0.17186,0.0011929953642403068,17186,100000,4232791547
xzzx,inf,7,0.021000000000000008,0.1946,0.0012519193479622326,19460,100000,4235563639
xzzx,inf,7,0.02200000000000001,0.21193,0.0012923421945700009,21193,100000,2568216085
xzzx,inf,7,0.02300000000000001,0.23758,0.001345862626308758,23758,100000,930828164
xzzx,inf,7,0.02400000000000001,0.252,0.0013729338297476246,25200,100000,3397564401
xzzx,inf,7,0.025000000000000012,0.27554,0.0014128560296637338,27554,100000,1951414021
xzzx,inf,7,0.026000000000000013,0.29435,0.001441202356890825,29435,100000,1053908416
xzzx,inf,7,0.027000000000000014,0.31166,0.001464671478023205,31166,100000,4130734148
xzzx,inf,7,0.028000000000000014,0.33279,0.001490096893159265,33279,100000,817116049
xzzx,inf,7,0.029000000000000015,0.34535,0.0015036001990232362,34535,100000,2919877011
xzzx,inf,7,0.030000000000000016,0.3597,0.001517609316329105,35970,100000,197175404
xzzx,inf,7,0.031000000000000017,0.37393,0.0015300463162699618,37393,100000,2508018286
xzzx,inf,7,0.032000000000000015,0.39063,0.001542841347505819,39063,100000,4107365224
xzzx,inf,7,0.033000000000000015,0.39843,0.0015481642078642999,39843,100000,1937219627
xzzx,inf,7,0.034000000000000016,0.4097,0.001555132062251774,40970,100000,2026409891
xzzx,inf,7,0.03500000000000002,0.42017,0.0015608484826518665,42017,100000,3361849056
xzzx,inf,9,0.012,0.02364,0.0004804496720148439,2364,100000,942522308
xzzx,inf,9,0.013000000000000001,0.03387,0.0005720547928595235,3387,100000,1069326019
xzzx,inf,9,0.014000000000000002,0.04555,0.0006593696077246275,4555,100000,872657227
xzzx,inf,9,0.015000000000000003,0.06062,0.0007546295558933033,6062,100000,2864597833
xzzx,inf,9,0.016000000000000004,0.07874,0.0008517104060155323,7874,100000,3060106762
xzzx,inf,9,0.017000000000000005,0.09724,0.0009369371733936455,9724,100000,685276168
xzzx,inf,9,0.018000000000000006,0.11761,0.0010187164096222973,11761,100000,3312917534
xzzx,inf,9,0.019000000000000006,0.14142,0.0011019095025398273,14142,100000,1121048413
xzzx,inf,9,0.020000000000000007,0.16617,0.0011771034786328127,16617,100000,3506093987
xzzx,inf,9,0.021000000000000008,0.18784,0.0012351339331144462,18784,100000,3502532655
xzzx,inf,9,0.02200000000000001,0.21639,0.0013021692539509355,21639,100000,4051111339
xzzx,inf,9,0.02300000000000001,0.24299,0.001356262072713027,24299,100000,1595907130
xzzx,inf,9,0.02400000000000001,0.26793,0.0014005073803394774,26793,100000,2733007951
xzzx,inf,9,0.025000000000000012,0.29284,0.001439038195175657,29284,100000,1491193181
xzzx,inf,9,0.026000000000000013,0.31587,0.0014700146978584017,31587,100000,308324248
xzzx,inf,9,0.027000000000000014,0.33792,0.0014957543214567104,33792,100000,3666344476
xzzx,inf,9,0.028000000000000014,0.35656,0.0015146711785714584,35656,100000,470141385
xzzx,inf,9,0.029000000000000015,0.37346,0.0015296582908206346,37346,100000,2193109963
xzzx,inf,9,0.030000000000000016,0.38929,0.0015418853428689205,38929,100000,661738036
xzzx,inf,9,0.031000000000000017,0.40552,0.0015526467987012627,40552,100000,3117197366
xzzx,inf,9,0.032000000000000015,0.41669,0.001559028809015539,41669,100000,3630207280
xzzx,inf,9,0.033000000000000015,0.42666,0.001564029577720616,42666,100000,1606834803
xzzx,inf,9,0.034000000000000016,0.43975,0.0015696098563820482,43975,100000,1417246203
xzzx,inf,9,0.03500000000000002,0.44983,0.0015731513641885075,44983,100000,2684710238
xzzx,inf,11,0.012,0.01453,0.0003784321957327943,1453,100000,3479126002
xzzx,inf,11,0.013000000000000001,0.02211,0.0004650076927700114,2211,100000,3090139734
xzzx,inf,11,0.014000000000000002,0.03233,0.0005593446644419145,3233,100000,3012617694
xzzx,inf,11,0.015000000000000003,0.04641,0.0006652648099895186,4641,100000,757931996
xzzx,inf,11,0.016000000000000004,0.06228,0.0007642155032678184,6228,100000,838259359
xzzx,inf,11,0.017000000000000005,0.08297,0.0008722783807549317,8297,100000,2940938397
xzzx,inf,11,0.018000000000000006,0.10589,0.0009730257670393233,10589,100000,1122257035
xzzx,inf,11,0.019000000000000006,0.13255,0.0010722905290757034,13255,100000,3309470664
xzzx,inf,11,0.020000000000000007,0.16042,0.0011605396584431493,16042,100000,1466559286
xzzx,inf,11,0.021000000000000008,0.18772,0.00123483056316126,18772,100000,1465334970
xzzx,inf,11,0.02200000000000001,0.21708,0.0013036693387339926,21708,100000,1786792506
xzzx,inf,11,0.02300000000000001,0.24764,0.001364965948722846,24764,100000,3303594923
xzzx,inf,11,0.02400000000000001,0.27754,0.0014160156714499439,27754,100000,957424606
xzzx,inf,11,0.025000000000000012,0.3079,0.0014597802165467466,30790,100000,3748829640
xzzx,inf,11,0.026000000000000013,0.32832,0.0014850052764101562,32832,100000,2515792653
xzzx,inf,11,0.027000000000000014,0.35196,0.0015102387120427552,35196,100000,1561636489
xzzx,inf,11,0.028000000000000014,0.37759,0.0015330153019610382,37759,100000,2610339164
xzzx,inf,11,0.029000000000000015,0.39523,0.0015460302929010128,39523,100000,86730590
xzzx,inf,11,0.030000000000000016,0.41396,0.0015575453973493136,41396,100000,2699167393
xzzx,inf,11,0.031000000000000017,0.4307,0.0015658707037088382,43070,100000,1046477987
xzzx,inf,11,0.032000000000000015,0.43997,0.001569694145991285,43997,100000,1609811365
xzzx,inf,11,0.033000000000000015,0.4495,0.0015730457750149363,44950,100000,3629453030
xzzx,inf,11,0.034000000000000016,0.46147,0.0015764294110925947,46147,100000,3555336558
xzzx,inf,11,0.03500000000000002,0.46756,0.0015777996307255182,46756,100000,1005726415
